,episodes,comment_id,oper_name,vip_degree,content,time_point,up_count
0,1,6845494622269361588,说唱bro,3,李斯丹妮冲啊啊啊啊啊啊啊啊啊！！！！！！！！！！！,877,12.0
1,1,6847413703854078683,,0,带沙袋的事情我觉得蓝盈莹才委屈 上一期的组也有啊 大家都很积极的带上了,0,9.0
2,1,6845150943280681304,浪花崽,3,唱跳全能郑希怡，七六五四三二一,0,13.0
3,1,6850715490032879947,,0,不是啊   吴昕主动站出来让人家选的啊,0,1.0
4,1,6845621972344906043,,0,都是奔着赢去的，所以蓝盈盈也没什么错,0,9.0
5,1,6864552581902984813,,0,静姐组的咋俩人太搞笑了，！这叫有友情？,0,
6,1,6845382935939642265,,0,最喜欢白冰 孟佳,1105,8.0
7,1,6845559192807824992,,0,宁静那里又没跳错，只能说修改的不够完善给人感觉挑错了,1000,6.0
8,1,6845211068528007991,,0,VIP打卡,1000,4.0
9,1,6845099463802465570,,0,第一第一来啦,1000,4.0
10,1,6847823353540679400,,0,琦趣蛋,1931,1.0
11,1,6845099412262857803,,0,耶，来啦,1955,4.0
12,1,6846286369426739429,,0,最爱我们萌萌子,2907,8.0
13,1,6845099322068544252,,0,来了,2739,14.0
14,1,6845099236169198074,,0,第一,2796,14.0
15,1,6845297947126723262,拎包妹,3,来了来了,2885,5.0
16,1,6845421521925850552,,0,来了 来了,2000,4.0
17,1,6846012217368976941,,0,加油＾０＾~,2130,1.0
18,1,6845100275551288687,跟班小弟,3,霏霏霏来啦,3000,28.0
19,1,6845229974974097885,浪花崽,3,都给我嚣张一点,3001,16.0
20,1,6846955731490524546,,0,姐姐都不涂梵蜜琳,3000,15.0
21,1,6845099300593707699,,0,第一个？,3977,19.0
22,1,6845108981450030539,拎包妹,3,刘政宝宝，我想你啦,3000,15.0
23,1,6845661378669933393,,0,第二遍重复播放，🌹🌹,3432,3.0
24,1,6845110493278525259,最强舞担,3,郑希怡我来了！,4969,22.0
25,1,6846617700384156147,,0,啦啦啦,4953,
26,1,6845099098730244380,,0,真准时啊,4751,15.0
27,1,6845254855719717323,浪花崽,3,来了来了，,4907,13.0
28,1,6845648407868672928,,0,来看静姐姐啦,4885,8.0
29,1,6846280657120227373,,0,来啦来啦，为了萌萌子而来,4260,6.0
30,1,6845113959317148636,说唱bro,3,来了来了yoyo~,5219,20.0
31,1,6845099880414295506,听姐姐的,3,第一,5127,20.0
32,1,6845101533976711356,浪花崽,3,卡点卡点来了,5372,18.0
33,1,6845800080343867462,,0,啊啊啊啊啊，姐姐们加油💪,5000,6.0
34,1,6845174088859500357,实力唱将,3, 来了来了 ,5000,14.0
35,1,6845962803770141008,,0,明敏系咯minorXP休息呀1我,5073,1.0
36,1,6845110407379178978,听姐姐的,3,万茜茜，我来啦,6000,64.0
37,1,6845203732723847453,,0,喜欢蓝迎盈,6000,42.0
38,1,6845102165336905986,浪花崽,3,张小雨我来啦,6000,20.0
39,1,6845208903864485021,拎包妹,3,袁咏琳姐姐我来啦,6000,11.0
40,1,6845099682845798834,浪花崽,3,来啦来啦姐姐们冲鸭,6183,17.0
41,1,6845405201050113277,,0,为了文案，我重看了片头,6000,10.0
42,1,6845129361069944312,浪花崽,3,这次的进度条不错,7408,18.0
43,1,6845144646858606312,演技派,3,我们小雨是最棒的！！！,7953,16.0
44,1,6845652445137939483,,0,太忙了，都没来得及看我的姐姐们,7989,2.0
45,1,6845189086885333244,气场强大,3,来喽！！,7917,12.0
46,1,6845552776126673326,,0,乘风破浪的姐姐。,7978,5.0
47,1,6864385383120629227,,0,晨晨子爱你呀(≧∇≦)/,7155,
48,1,6845116544887472943,演技派,3,顾以森打卡哈哈哈哈哈哈哈哈哈,8000,33.0
49,1,6845211167312256077,,0,说重点,8015,24.0
50,1,6845100803832268227,拎包妹,3,昕姐我来看你啦啦啦！,8100,13.0
51,1,6845791374445150973,,0,大家好  吴昕 梦辰 孟佳 冲  七人组大碗宽面冲,8015,1.0
52,1,6845112851215581353,浪花崽,3,姐姐们我来了,8038,11.0
53,1,6845237435332313012,浪花崽,3,来看热闹喽,8000,6.0
54,1,6845147709170297882,听姐姐的,3,琦琦子 加油加油,9000,33.0
55,1,6845270351961767747,浪花崽,3,都是vip精神点,9918,14.0
56,1,6846391136564154239,,0,加油(ง •̀_•́)ง昕昕子,9771,10.0
57,1,6849750823196956395,,0,要是巩俐 章子怡 张曼玉 王菲 周迅 赵薇来这个节目踢馆绝对爆,9000,1.0
58,1,6845101555451547925,气场强大,3,来喽来喽,9008,11.0
59,1,6845227136000706929,听姐姐的,3,姐姐们 来了,9000,9.0
60,1,6845100576199000662,听姐姐的,3,来了来了,10815,14.0
61,1,6845222686414575607,,0,谁有会员啊？,10000,7.0
62,1,6845118069600870659,听姐姐的,3,来了来了,10000,8.0
63,1,6846279514658924934,,0,昕昕子冲啊啊啊啊啊啊,10083,1.0
64,1,6845099863234426233,,0,来了来了 🧍‍♀️,10000,7.0
65,1,6849913632522325377,,0,姐姐们我来啦,10097,
66,1,6845180183418107836,实力唱将,3,以为要晚上才能看到，没想到刚刚一打开就有了,11848,11.0
67,1,6845107053009706642,听姐姐的,3,来了,11011,10.0
68,1,6845178147603604790,听姐姐的,3,来了,11686,7.0
69,1,6845099227579263468,,0,妥妥滴第一,11898,6.0
70,1,6845528986302775571,,0,爱上袁咏琳、蓝盈盈、阿朵,11000,4.0
71,1,6845172907743491071,听姐姐的,3,来迟了没？,11164,5.0
72,1,6845147017680561079,听姐姐的,3,啊啊啊啊！姐姐们我来啦！！,12456,8.0
73,1,6845103677165399544,听姐姐的,3,第三,12000,7.0
74,1,6845338457258312301,,0,金晨我来了！！！,12000,3.0
75,1,6845099317773576935,,0,抢到第一了？,12000,7.0
76,1,6845932799128556734,,0,打个卡打个卡,12982,2.0
77,1,6848442520322175972,,0,李斯丹妮冲冲冲,12107,1.0
78,1,6845173977190350394,最强舞担,3,你一票，我一票，昕姐明天就出道,13000,11.0
79,1,6845112357294340102,听姐姐的,3,姐姐们，我来啦,13000,9.0
80,1,6845292131740988292,演技派,3,王恩虎你一定在看,13000,5.0
81,1,6845099133089982795,,0,我是第一个吗,13304,7.0
82,1,6854148496051946171,,0,坐看小花打脸孟佳掐人中,13299,
83,1,6845200124951309860,听姐姐的,3,啊啊啊啊啊来晚了,13122,5.0
84,1,6845249963751952420,听姐姐的,3,00子 我来啦 抱走姐姐！,14000,20.0
85,1,6845229588427040136,,0,喜欢蓝盈莹,14000,37.0
86,1,6845253786272857250,气场强大,3,金晨加油💪。     晨晨子原地出道,14000,4.0
87,1,6845105382267422201,浪花崽,3,直挂云帆济沧海,14000,9.0
88,1,6846318040515624086,最强舞担,3,郑希怡加油！冲啊！,14000,2.0
89,1,6846908306461591768,,0,我爱万茜啊啊啊啊啊啊！冲冲冲,14000,
90,1,6845154533873351185,听姐姐的,3,为了看姐姐们现充的会员,15221,8.0
91,1,6845518790050393437,太后驾到,3,我来了张雨绮给我冲,15000,6.0
92,1,6845469552545193816,气场强大,3,姐姐来了,15000,4.0
93,1,6851324164208947764,,0,爱死浪姐的文案啦！,15141,1.0
94,1,6845441545063409086,,0,姐姐们真棒,15000,4.0
95,1,6846284071619232538,,0,为萌萌子加油＾０＾~,15103,1.0
96,1,6845483116051945797,听姐姐的,3,来了来了，琳琳子，朵朵子,16817,7.0
97,1,6845242554933345037,浪花崽,3,加油，琪琪子,16860,8.0
98,1,6845164180369923826,听姐姐的,3,太喜欢这个节目了,16000,6.0
99,1,6845099257644034608,,0,来了来了,16000,7.0
100,1,6846749555880317577,,0,茜茜子冲啊啊啊啊,16192,5.0
101,1,6845125340980537343,气场强大,3,来咯……,16000,6.0
102,1,6845295932787056130,听姐姐的,3,來了來了,17976,8.0
103,1,6847525480378140675,,0,喜欢这个前面的前段，很有感触,17298,2.0
104,1,6845101907638867342,太后驾到,3,加油！！,17000,7.0
105,1,6845602460308442244,,0,喜欢宁静姐的浪花们🌸赶快给静姐投票啊,17418,2.0
106,1,6845103226193831875,浪花崽,3,来了来了,17923,6.0
107,1,6851223073563649017,拎包妹,3,姐姐们加油💪,17000,
108,1,6845309440459231481,演技派,3,茜茜子我来啦,18000,8.0
109,1,6845108070916959930,气场强大,3,来了,18979,9.0
110,1,6847337365105203073,,0,就觉得快点哦看到回复就发if看打卡打卡看的可,18364,
111,1,6845178426776479693,浪花崽,3,来了来了,18000,5.0
112,1,6845423085293947807,,0,吴昕我来了,18909,4.0
113,1,6846837718674064227,,0,这个开头跟小时代一样,18051,
114,1,6845219774426740730,听姐姐的,3,我来拉，来看姐姐们拉。,19488,5.0
115,1,6845166658566060065,跟班小弟,3,来了来了,19512,7.0
116,1,6845135760571240619,气场强大,3,姐姐们来啦来啦,19033,6.0
117,1,6845924926453489387,,0,为姐姐们专门冲的会员！,19588,1.0
118,1,6845450396991019754,,0,这个文案好棒,19000,3.0
119,1,6845989728920170778,浪花崽,3,来啦来啦👏👏👏,19712,
120,1,6845153017749891336,听姐姐的,3,蓝盈莹冲啊,20000,15.0
121,1,6845110879825583599,跟班小弟,3,来了,20359,7.0
122,1,6845340243964708291,,0,雨绮加油！！,20060,5.0
123,1,6848982526561185313,,0,金晨 我来了！啊啊啊啊啊,20000,1.0
124,1,6845099949133772595,浪花崽,3,今天准时,20544,6.0
125,1,6849616966245951329,,0,看到蓝盈莹，我想到了亲爱的客栈里的吴磊,20000,
126,1,6858535281165650396,,0,打开,21290,
127,1,6845825785723165867,,0,文案组加鸡腿,21895,18.0
128,1,6845099824579720394,最强舞担,3,我是第一  昕昕子  冲呀,21000,13.0
129,1,6849550896763839813,,0,喜欢这段播音的咬字和发音，舒服,21000,
130,1,6845443434849022062,听姐姐的,3,开始新的一期了，鸡动,21617,3.0
131,1,6846465456678292422,,0,冲浪榜有什么用啊，都投给静静子了还是很低,21993,
132,1,6845275136555348752,最强舞担,3,来了,22000,32.0
133,1,6845376227200724415,,0,梦知的文案,22000,7.0
134,1,6848946143893148790,,0,芒果文案真的炒鸡好,22254,6.0
135,1,6845180024504317504,太后驾到,3,都是会员放肆点,22000,7.0
136,1,6845554287955164292,听姐姐的,3,我就是来看吴昕的，不追星，就瞧她顺眼,22210,5.0
137,1,6853792370248265961,,0,姐姐们加油＾０＾~,22107,
138,1,6849929541081216421,,0,期待姐姐们的表演,23846,1.0
139,1,6845129726142165983,听姐姐的,3,来了来了,23000,2.0
140,1,6845578163678404595,拎包妹,3,姐姐们，我来啦！,23012,1.0
141,1,6845524154464557539,,0,没会员，好难等,23370,1.0
142,1,6856506068028782927,,0,都是有钱银～～～,23000,
143,1,6845099382198086603,,0,来啦,23000,1.0
144,1,6845378361799470966,,0,超级喜欢张含韵,24112,20.0
145,1,6846097146052364606,,0,这文案写的好文艺,24991,6.0
146,1,6845110493278525262,浪花崽,3,希希子冲鸭,24329,9.0
147,1,6851817793390764116,听姐姐的,3,姐姐们，奥利给！！！,24971,
148,1,6845959144457997932,浪花崽,3,昕昕子加油！！！,24000,1.0
149,1,6845099249054099999,,0,昕昕子加油啊,24438,6.0
150,1,6845140987546458301,气场强大,3,吴昕冲鸭,25849,6.0
151,1,6845111829013360227,听姐姐的,3,来了来了,25000,3.0
152,1,6845918045915868608,,0,吴昕冲鸭~~~,25000,1.0
153,1,6864967441385098318,,0,为静静子打call,25197,
154,1,6845099858939458921,,0,来了来了,25788,3.0
155,1,6845410724378059355,,0,来来来，来了😁,25108,1.0
156,1,6845570793514511699,气场强大,3,昕想事辰冲呀！,26855,6.0
157,1,6845105270598272131,听姐姐的,3,来了,26735,8.0
158,1,6845101108774947433,,0,松松子，快回来,26000,5.0
159,1,6845403517422932331,,0,非会员等几天能看啊,26090,1.0
160,1,6845532310607469385,,0,终于可以看了，感天动地,26320,
161,1,6845100490299654392,,0,来来来了,26285,3.0
162,1,6845275179505021821,,0,一不注意就又自动续了一个月的会员,27669,7.0
163,1,6845099223284296162,,0,百万文案又来了,27674,51.0
164,1,6845099519637040702,,0,李斯丹妮我来啦,27616,30.0
165,1,6845164334988746860,听姐姐的,3,乘风破浪会有时,27807,7.0
166,1,6846284191878317015,,0,萌萌子真的太有气场了,27791,
167,1,6845150492309113901,实力唱将,3,郁可唯男妈妈来啦！,27000,2.0
168,1,6845109187608461602,浪花崽,3,别问我是谁我是茜姐的跟班,28000,3.0
169,1,6845099553996779271,,0,来早了，只有标清？,28000,3.0
170,1,6845433848482003958,听姐姐的,3,加油昕昕子,28000,2.0
171,1,6853749940266268779,,0,我一个会员竟然没发过言，孟氏叹气,28905,1.0
172,1,6845255018928475063,跟班小弟,3,男同胞们来集合,28000,2.0
173,1,6850650416983237360,,0,婧婧~~~~~等你回来~~~~啊啊啊,28716,
174,1,6845656710040473271,听姐姐的,3,王智唱的很喜欢啊，有一种天然的纯粹,29000,6.0
175,1,6845153881038320357,听姐姐的,3,终于来了,29037,4.0
176,1,6845099721500504736,浪花崽,3,第一,29004,4.0
177,1,6845099553996779262,,0,还没人来？,29916,3.0
178,1,6845993980937802341,,0,最开心就是看姐姐们了～,29647,
179,1,6845295898427317667,,0,姐姐我来了,29958,1.0
180,1,6845250114075808252,听姐姐的,3,黄龄 黄龄 黄龄！！！浴室歌姬🛀,30000,19.0
181,1,6845808515659645684,,0,芒果文案写的不错,30000,12.0
182,1,6845101503911940168,拎包妹,3,郑希怡加油！！期待你的舞台,30000,10.0
183,1,6852662248386676180,,0,上周的霞姐rap惊艳到我啊啊啊！！！这周一定让你回q音榜首！！！  ,30000,
184,1,6845099828874687697,浪花崽,3,第一哈哈哈哈哈哈,30577,4.0
185,1,6846286644304646799,,0,萌萌子冲呀，冲呀冲呀。,30790,
186,1,6845250461968160294,,0,海陆海陆,31132,16.0
187,1,6845135949549802372,气场强大,3,张含韵爱你😘,31930,16.0
188,1,6845148654063105855,说唱bro,3,来喽来喽她们来喽,31000,3.0
189,1,6845612884194089644,,0,昕姑凉↖(^ω^)↗↖(^ω^)↗加油,31528,2.0
190,1,6845099966313641886,,0,张雨绮我爱你,31000,8.0
191,1,6845802184877844521,,0,哈哈哈有意思,31000,1.0
192,1,6845099562586713901,,0,郑希怡冲冲冲！,32371,65.0
193,1,6845100039328086319,听姐姐的,3,蓝光呢,32892,5.0
194,1,6845099420852792420,,0,期待伊伊子的表现！,32338,13.0
195,1,6845159249747454872,听姐姐的,3,能看到我的颜色吗？,32207,9.0
196,1,6845449851530172329,演技派,3,嘎嘎嘎嘎，加菲猫冲鸭,32928,3.0
197,1,6845440651710210190,,0,小姐姐们气质颜值同时在线,32826,2.0
198,1,6845099485277302173,,0,在座的都是会员,33000,8.0
199,1,6845213903206430924,,0,郑希怡,33000,6.0
200,1,6845217824511583076,听姐姐的,3,加油啊姐姐们,33026,4.0
201,1,6845249392521300344,最强舞担,3,金晨我来啦？！？,33000,2.0
202,1,6845646685586783526,,0,乘风破浪的姐姐们，加油！,33943,
203,1,6845099858939458903,,0,一刷开始,33175,4.0
204,1,6845117030218779890,听姐姐的,3,刘政宝宝，我想你了鸭,34000,14.0
205,1,6845434157719649680,最强舞担,3,秋雅，你会回来的,34923,6.0
206,1,6845294876225098472,气场强大,3,纪濛濛，加油鸭🦆🦆🦆🦆🦆🦆🦆🦆🦆🦆🦆,34704,3.0
207,1,6845638915990927283,,0,觉得王智有点像曾经的王祖蓝的感觉,34239,1.0
208,1,6845099635601158330,,0,就我一个人。。,34660,4.0
209,1,6845842033584473491,,0,精彩演绎,34350,
210,1,6845136086988756358,听姐姐的,3,万茜 A瓜,35162,11.0
211,1,6845460898186076574,,0,这节目文案真的第一名,35000,10.0
212,1,6845099618421289063,,0,留下花钱的痕迹,35782,11.0
213,1,6845237220583947589,,0,给郑希怡撑场面！,35733,10.0
214,1,6845901282658480472,,0,为李斯丹妮打call,35299,3.0
215,1,6864013559210979909,,0,快乐的太短暂，痛苦的太缓慢,35382,
216,1,6845099472392400211,,0,茜茜子冲鸭,36000,10.0
217,1,6845619700307201909,,0,你们尽力了也没用 他们所谓的投票就是看火不火 不看实力,36703,3.0
218,1,6845431241436852080,气场强大,3,沈梦辰是真漂亮,36000,5.0
219,1,6852822119954435206,,0,喜欢宁静，张雨绮,36065,1.0
220,1,6865589146492689305,,0,王智的眉毛修的撇，画的也撇,36305,
221,1,6846807868651350799,,0,"从前有个大森林
森林里有各种各样的恐龙
有霸王龙雷龙双龙剑龙甲龙鸭冠",36944,
222,1,6846146306248045274,,0,除了我还有男的看这个吗🌝🌝,37418,21.0
223,1,6845125207836550550,最强舞担,3,给大碗宽面都姐姐排面,37000,17.0
224,1,6845099584061550495,,0,我一个会员你让我看这？,37169,14.0
225,1,6849544505852496453,,0,就是看吴昕的，，，，，，，，，，，，,37000,
226,1,6846022400736454197,,0,王智赶紧回来吧，都等着你呢,37489,2.0
227,1,6845791520474039150,,0,金晨我来了,37406,12.0
228,1,6845404123013321393,,0,王智很好，就是没有什么知名度，可惜,38000,5.0
229,1,6845099584061550488,,0,怎么没有蓝光气气会员啊我是,38955,5.0
230,1,6845099489572269482,,0,来了来了,38000,2.0
231,1,6845657946991057201,,0,宁静为啥总涂这种脏兮兮的口红颜色啊,38000,1.0
232,1,6848458287147168838,,0,乘风破浪的姐姐们，冲啊。。。。。。。,38197,
233,1,6845099313478609620,,0,来了,38051,2.0
234,1,6845575840101093295,,0,来了来了，静静子冲啊,39743,5.0
235,1,6845100632033575738,,0,万崽子我来惹,39000,8.0
236,1,6845994225750938721,,0,吴梦知！！！太喜欢你的文案了！！！,39624,2.0
237,1,6853417870574377937,,0,无限可能张小雨，期待这周的新歌，我去q音给你打投！！！！,39962,
238,1,6845222523205817916,,0,昕昕子加油＾０＾~,39090,4.0
239,1,6850759895699833366,,0,来看很有争议人物的这一期,39000,
240,1,6851072620858998510,,0,王智真的是我意难平啊,40945,10.0
241,1,6845126827039228483,听姐姐的,3,静姐加油,40182,8.0
242,1,6852662355760858750,,0,无限可能张小雨，期待这周的新歌，我去q音给你打投！！！！,40000,1.0
243,1,6846645553247106136,,0,郑希怡好像神奇女侠女主！好A,40000,6.0
244,1,6845101667120697962,浪花崽,3,吴昕加油,40137,7.0
245,1,6849258555519619839,,0,为了姐姐们开了会员啊啊啊要是我40岁也能像他们一样好的状态就棒棒了哈哈哈,40837,
246,1,6845145505852068217,演技派,3,小雨冲冲冲,41957,12.0
247,1,6845239947888188543,,0,王霏霏加油,41000,6.0
248,1,6845816830716341148,,0,加油吧姐姐们,41000,2.0
249,1,6845402636954636249,,0,快快快，发热中,41150,1.0
250,1,6847698296977325077,,0,啊啊啊啊啊啊静静子,41373,
251,1,6845099798809916466,拎包妹,3,第一,41261,6.0
252,1,6845100378630504226,,0,看了节目，喜欢许飞，黄龄，阿朵,42072,16.0
253,1,6845099811694818417,,0,万茜万茜万茜万茜万茜万茜万茜万茜我来啦！,42998,7.0
254,1,6845155869608183942,浪花崽,3,来了来了,42244,5.0
255,1,6845113057374012487,说唱bro,3,姐姐们冲鸭！！！,42000,2.0
256,1,6845529656317675074,,0,昕昕，为你而来，加油💪,42000,1.0
257,1,6845099717205537417,,0,为啥是标清啊,42382,3.0
258,1,6845398908923021571,,0,静静子！宁静的夏天！,43000,22.0
259,1,6845609031608417646,,0,这文案总是吸引我,43528,7.0
260,1,6845122386043023860,最强舞担,3,辰辰子冲冲冲,43195,5.0
261,1,6846740197146565452,,0,昕昕加油!!!!!,43615,1.0
262,1,6845099700025668137,,0,姐姐们来了,43683,5.0
263,1,6845099450917563633,,0,哇，准时了,43209,5.0
264,1,6845157226817853086,说唱bro,3,霏佳给我冲鸭！！！！！！！！,44922,15.0
265,1,6845099502457171430,,0,yeah!可以看了,44701,5.0
266,1,6845868189935384998,,0,万茜我来了,44116,3.0
267,1,6846903251285081593,,0,上课开始可是可是,44899,1.0
268,1,6845385014703814058,,0,姐姐们冲呀,44000,2.0
269,1,6847404723077450264,,0,昕姐加油＾０＾~,44701,
270,1,6845099579766583178,,0,VIP的寂寞,45528,15.0
271,1,6846154960607150473,,0,兰花草出道！！,45359,8.0
272,1,6845211772902646405,,0,万茜,45541,11.0
273,1,6847499796473677052,浪花崽,3,含韵姐姐加油💪,45000,5.0
274,1,6847851949433060225,,0,张雨绮爱了爱了,45000,1.0
275,1,6845099438032661689,,0,来了来了,45000,5.0
276,1,6845100193946909728,,0,宁静姐姐加油呀,46543,22.0
277,1,6848245308308638928,,0,好喜欢姐姐这档节目的文案,46000,1.0
278,1,6845323042620675900,实力唱将,3,我来啦我来啦姐姐们冲呀,46000,5.0
279,1,6845101194674293700,,0,进度条太感人了,46135,9.0
280,1,6848043891521833648,,0,浪花来了，喜欢张含韵,46004,1.0
281,1,6845541729470767686,,0,真的没她镜头了吗,46622,1.0
282,1,6845346166724611929,,0,张含韵好,47000,10.0
283,1,6845100859666843314,,0,郁可唯我爱你,47000,9.0
284,1,6845232328616182965,太后驾到,3,加油💪姐姐们,47000,8.0
285,1,6849977631830127435,,0,张含韵我爱你！！！,47987,5.0
286,1,6845418498268871353,最强舞担,3,王霏霏给我冲,47808,7.0
287,1,6854690138673085488,,0,宁静更适合当RL,47627,
288,1,6845108530478462512,跟班小弟,3,我不好横吗？,48809,11.0
289,1,6845099815989785738,,0,万茜冲鸭！！！,48132,9.0
290,1,6845099751565275958,,0,姐姐们我来了,48699,3.0
291,1,6845128639515435518,听姐姐的,3,金晨我来了,48887,8.0
292,1,6845819381926918312,,0,张雨绮真性感真好,48139,2.0
293,1,6845223313479802617,,0,爱静姐和小雨,48025,6.0
294,1,6845106443124348247,,0,来了来了，万茜吴昕加油,49962,12.0
295,1,6845105283483174058,,0,静姐霸气,49000,16.0
296,1,6845473821742695031,,0,挺喜欢张含韵的呀,49950,8.0
297,1,6856580486927166140,,0,宁静的口红色号是我想挑战的,49000,
298,1,6845140626769204129,最强舞担,3,雨绮冲啊！！！,49355,7.0
299,1,6847854217175802557,听姐姐的,3,美丽的姐姐们来了……,49066,
300,1,6845469367861599747,,0,李斯丹妮，我来啦,50611,15.0
301,1,6845564746200548476,,0,张雨绮我爱你,50837,6.0
302,1,6845846998566680440,,0,伊能大小姐什么时候走啊,50000,5.0
303,1,6848223339550854111,,0,金晨 万茜 霏霏爱你们,50132,3.0
304,1,6845099657075994924,,0,静静子缇缇子,50856,6.0
305,1,6845941449192705896,,0,厉害厉害真心佩服,50638,
306,1,6845103659985530293,太后驾到,3,我的小雨呢,51738,15.0
307,1,6845180436821178852,太后驾到,3,郑希怡冲鸭,51000,9.0
308,1,6845118348773746196,听姐姐的,3,飞飞子 不管在哪里都最棒！！！！,51000,6.0
309,1,6845951757114234961,,0,四公都开始了，这怎么还是一公?,51922,2.0
310,1,6845629436998082761,,0,来了，拎个包来了,51792,
311,1,6845099592651485129,,0,我是第一吗,51677,1.0
312,1,6845197380467201091,,0,王志唱的不错,52428,13.0
313,1,6845100533249327532,,0,吴昕昕冲啊啊啊啊啊啊啊,52213,11.0
314,1,6846612701042216022,,0,孟佳王霏霏我来了,52104,2.0
315,1,6852662463135041296,,0,wuli丽坤真的进步好多！！舞台惊艳到我！q音打投我来了  ,52000,
316,1,6845099584061550485,,0,我是第一个吗,52665,3.0
317,1,6846393065004472907,,0,超喜欢郑希怡 ❤️❤️,52000,2.0
318,1,6845420199075922135,,0,全靠同行衬托的来喽,53488,9.0
319,1,6845323068390479709,,0,万茜,53947,11.0
320,1,6845102319955729220,,0,喜欢梦晨的性格,53795,8.0
321,1,6845810259416369916,,0,含韵姐姐加油哇！,53139,3.0
322,1,6845554300840066206,,0,张雨绮漂亮,53664,4.0
323,1,6857057928377321859,,0,伊能静姐姐加油！,53930,
324,1,6845099940543837970,,0,伊能静姐姐还好吗,54243,16.0
325,1,6845210054915723423,,0,昕昕加油,54675,12.0
326,1,6845117013038910591,太后驾到,3,姐姐们加油鸭！,54515,4.0
327,1,6845107048714739323,浪花崽,3,来了,54079,7.0
328,1,6856392689482003507,,0,白冰喜欢你,54000,
329,1,6856252682137784429,,0,希希子我可以！！！,54000,
330,1,6845099627011223714,,0,怎么没人啊，一个人好寂寞,55430,10.0
331,1,6845415577691107600,太后驾到,3,小花为你而来,55032,3.0
332,1,6845193128449568076,演技派,3,萍主子，看了吗？,55000,3.0
333,1,6848196040738654284,,0,为姐姐打call~,55000,
334,1,6846280137429183770,,0,张萌太可爱了叭,55000,1.0
335,1,6847336252708669483,,0,来了来了,55616,
336,1,6845099682845798841,,0,李斯丹妮,56000,20.0
337,1,6845250307349337180,听姐姐的,3,00子 爱你😘,56000,12.0
338,1,6850054713608303639,,0,梦辰最棒！！！！,56000,4.0
339,1,6845228463145605277,听姐姐的,3,我特意开个VIP,56209,11.0
340,1,6845898211756857349,,0,雅雅手皮肤很紧致,56000,3.0
341,1,6845295219822483105,气场强大,3,纪濛濛，晚上下面起飞了🦆🦆🦆🦆🦆🦆🦆🦆🦆🦆🦆🦆🦆🦆,56422,1.0
342,1,6845100683573183496,,0,想让王智回来,57647,130.0
343,1,6845526795869449981,,0,郑希怡、蓝盈莹冲啊,57000,8.0
344,1,6845203294637182208,,0,今天上班好累，但我还是来了,57674,2.0
345,1,6845099614126321752,,0,吴昕冲,57410,47.0
346,1,6845104961360625737,,0,阿俏一起浪吧 看到我了吗,57000,2.0
347,1,6846200220972554199,气场强大,3,马上就v6了好高兴,57000,1.0
348,1,6845099768745145241,,0,王智！,58733,20.0
349,1,6845100408695275432,,0,绮趣蛋冲啊,58979,12.0
350,1,6845126586521058843,最强舞担,3,王霏霏 孟佳,58000,8.0
351,1,6847744102803827447,,0,吴昕姐姐，我好喜欢你pai的快乐大本营呀,58000,1.0
352,1,6845100082277759506,听姐姐的,3,姐姐我来啦！！！！！！！,58000,5.0
353,1,6845605333641568763,,0,吴昕加油＾０＾~,58801,1.0
354,1,6845100833897039434,,0,伊能静赶紧淘汰吧,59000,41.0
355,1,6845154014182306910,最强舞担,3,金晨金晨冲冲冲,59135,22.0
356,1,6845539818210317425,,0,期待姐姐们的精彩表现,59974,3.0
357,1,6845100786652398991,,0,表白霏霏！！！！！！,59440,13.0
358,1,6845293450295952181,听姐姐的,3,为了姐姐们冲的会员 冲冲冲！,59000,1.0
359,1,6848750628391570897,,0,喜欢吴昕吴昕吴昕(/≧▽≦/),59491,
360,1,6845906702907218542,太后驾到,3,吴昕！吴昕！！！,60861,3.0
361,1,6845165026478483334,听姐姐的,3,来了,60068,2.0
362,1,6845099777335079873,,0,守着点刷新出来的~,60680,2.0
363,1,6867023072867346544,,0,浪里个浪，我金姐靓,60000,
364,1,6845101821739521117,,0,会员错付了,60000,1.0
365,1,6846286296412295291,,0,萌姐跳舞很棒啊,60830,
366,1,6846562772047322315,,0,果然女人更爱女人，张雨绮，我在法国排队爱你❤,61767,4.0
367,1,6845099901889132096,,0,每个人都说得对,61755,5.0
368,1,6845109870508264671,气场强大,3,留下花钱的痕迹,61057,2.0
369,1,6853418016603266339,,0,团宠李四蛋！继续slay不要停！！！q音打投搞起来啊姐妹萌 ,61297,
370,1,6845441038257267398,,0,会员快到期了，还要不要续费？,61099,1.0
371,1,6845099773040112541,,0,来了,61023,2.0
372,1,6845100138112334623,,0,啊啊啊万茜跳舞了！！！,62861,101.0
373,1,6845814597333344299,,0,蓝盈莹加油,62019,5.0
374,1,6846202922506986378,,0,金晨金晨冲冲冲,62000,3.0
375,1,6845235335093299067,气场强大,3,黄圣依冲呀,62000,4.0
376,1,6852662561919289244,,0,团宠李四蛋！继续slay不要停！！！q音打投搞起来啊姐妹萌  ,62000,
377,1,6845450770653175104,,0,这是录播节目，现场人选着玩，没我们大众什么事，大家散了吧,62107,2.0
378,1,6845099940543837976,,0,万茜，这劲，哇哇哇哇,63983,96.0
379,1,6845393514444095586,,0,万茜！！！,63260,21.0
380,1,6845499067560524459,,0,万茜✌️,63000,9.0
381,1,6845256449152588982,听姐姐的,3,琪琪子 茜茜子冲呐 你们俩一定要站C位出道,63000,7.0
382,1,6846363068952829118,,0,茜茜子c位出道,63591,5.0
383,1,6845109995062316778,最强舞担,3,加霏猫,63000,9.0
384,1,6845099803104883782,,0,万海王，妹我来了,64855,46.0
385,1,6845100816717170173,,0,文案满分,64460,18.0
386,1,6847924341107067049,,0,遇到任何事，笑总比哭更能解决问题,64000,1.0
387,1,6845101065825274326,,0,金莎,64099,5.0
388,1,6845530021389895942,,0,伊能静加油,64211,2.0
389,1,6845864260040296627,,0,不需要快退这个快捷方式，谁设置的,64355,
390,1,6846748125656205798,,0,芒果的文案是真的好,65050,35.0
391,1,6845100507479523650,,0,看小花🌸,65495,9.0
392,1,6853050032394640006,,0,沈梦辰，我来了！,65544,
393,1,6845101280573639971,,0,盈莹,65941,8.0
394,1,6845196452754262942,,0,来了来了,65803,2.0
395,1,6850827167772713135,,0,文采判为一类上,65977,
396,1,6845516719876152190,,0,万茜加油加油加油,66451,14.0
397,1,6845419975737622547,,0,百万文案，，，，。，，，，,66650,5.0
398,1,6845100666393314241,,0,王智 ❤,66006,13.0
399,1,6845200197965754082,,0,郑希怡好美,66035,8.0
400,1,6852307995188780366,,0,我的孟佳啊！！！！！,66000,
401,1,6845100400105340807,,0,哈哈 大伙是不是都在等啊,66098,1.0
402,1,6845101761609978777,,0,啊 万茜跳舞 啊,67822,66.0
403,1,6847492271690961837,,0,万茜万茜万茜，我爱你,67828,4.0
404,1,6845490421791335020,,0,万茜那一下迷倒我了,67000,11.0
405,1,6845100236896582861,,0,茜茜子加油💪,67732,51.0
406,1,6845964977023596714,,0,给黄龄龄子打call,67000,3.0
407,1,6845100516069458265,浪花崽,3,我可是卡着点来的,67942,4.0
408,1,6845119375270934868,听姐姐的,3,文案绝了！又倒回去再看了一遍,68814,25.0
409,1,6845118378838517408,实力唱将,3,张含韵冲啊,68510,24.0
410,1,6845256633836183272,,0,王智，快回来,68521,23.0
411,1,6849362197375588731,,0,王智好可惜，长得漂亮，有气质，唱歌也还好听的啊，跳舞可以练习的啊。复活回来吧,68334,5.0
412,1,6845103135999518331,跟班小弟,3,霏霏加油呀！！冲冲冲,68000,9.0
413,1,6845672223462372953,,0,伊能静加油💪继续做自己,68000,1.0
414,1,6845101628465992182,,0,王霏霏加油,69175,21.0
415,1,6847442145127558707,,0,万茜跳舞了！！！,69684,4.0
416,1,6845861335167558499,,0,太喜欢芒果的文案了，也喜欢后期,69418,3.0
417,1,6845101177494424443,,0,我的郁可唯,69000,7.0
418,1,6853418072437841306,,0,张小花我心中的实力大Vocal！q音疯狂循环你的嗓音啊啊啊啊啊,69150,
419,1,6845226912662406826,,0,不是晓明哥配音,69060,2.0
420,1,6845099884709262824,,0,第一。我爱万茜,70000,24.0
421,1,6845099781630047179,,0,我来pick宁静静静子还有朵朵子,70866,22.0
422,1,6845105493936572290,听姐姐的,3,茜子加油,70041,10.0
423,1,6845829625423934391,,0,王智，万茜,70229,5.0
424,1,6846227889151932981,,0,加油＾０＾~,70128,1.0
425,1,6845930140543795894,,0,加油！我真的有被这个综艺激励到！！,70380,
426,1,6845646088586328062,,0,每一次会员都是因为吴昕   冲啊  ,71070,9.0
427,1,6847399517577079787,,0,为什么宁静涂这个shai的口红都可以好看。。哭了,71825,3.0
428,1,6845101014285666563,听姐姐的,3,茜茜子,71852,11.0
429,1,6845142765662924604,浪花崽,3,昕昕子冲呀,71150,10.0
430,1,6845412738717722634,,0,加油！姐姐们！,71000,1.0
431,1,6846283375834529562,,0,萌萌子冲鸭 你最棒,71000,
432,1,6845206649006648925,,0,这个文案棒且伤害了平庸的我的小心灵,72188,88.0
433,1,6845807304478866795,,0,万茜万茜万茜，加油加油加油,72092,7.0
434,1,6850693697368772662,,0,成功的反义词不是失败，也不是暂停，而是甘愿平庸,72025,4.0
435,1,6845099717205537411,,0,清晰度不行啊,72979,35.0
436,1,6845299695178417241,,0,秋雅回来吧，大家支持下,72000,7.0
437,1,6848207555546001902,,0,蓝盈盈有时候张嘴笑好像朱丹,72000,2.0
438,1,6845148538098988528,听姐姐的,3,听说黄圣依和伊能静一组哦,73589,8.0
439,1,6845102989970629736,,0,万茜冲鸭！！！,73670,20.0
440,1,6845440570105831454,,0,JOJO 我爱你,73611,5.0
441,1,6852662664998504501,,0,张小花我心中的实力大Vocal！q音疯狂循环你的嗓音啊啊啊啊啊  ,73000,
442,1,6845256994613437205,听姐姐的,3,静静子 我来了,73189,5.0
443,1,6845278907536644623,拎包妹,3,可可爱爱陆陆加油,73508,2.0
444,1,6845100009263315082,,0,上班六天就为这一刻,74855,16.0
445,1,6845553918587976165,,0,梦辰姐姐加油,74478,15.0
446,1,6845902566853704592,,0,含韵姐姐加油,74623,5.0
447,1,6846417228490508066,,0,为张含韵，加油。,74000,1.0
448,1,6856946980781952940,,0,你们看的张含韵的专访了吗,74432,
449,1,6845100125227432688,,0,像素不高,74000,2.0
450,1,6845583364883809437,,0,文案泪目，希望大家都不平庸😭,75083,25.0
451,1,6845110338659701948,实力唱将,3,郁可唯,75876,14.0
452,1,6845100146702269253,,0,每个姐姐都有自己的美,75936,10.0
453,1,6845419649320107758,,0,我们应该可以接受现实中生活在不同阶段进行着讨论通过自己动手创造更多优惠商品尺寸,75000,1.0
454,1,6845216514546554193,气场强大,3,来看宁静啦～,75928,8.0
455,1,6846122559373859275,,0,有没有人认识湖南侗族的粟年月，谢谢,75000,
456,1,6845100567609066050,,0,我的万茜啊,76332,21.0
457,1,6846608457614520562,,0,芒果的文案真的绝了,76244,14.0
458,1,6845101594106253697,,0,我爱万茜,76000,16.0
459,1,6845233982178596891,,0,含韵发光发亮吧,76000,15.0
460,1,6848527706703741243,,0,张萌走吗？？？？这期走吗？？？？？？？？？？？？？？？,76302,
461,1,6845579035556767217,,0,万茜跳舞绝对有天分,76000,12.0
462,1,6845787569104124062,,0,支持张含韵,77832,22.0
463,1,6845101722955273006,,0,万茜冲鸭,77341,36.0
464,1,6845116751045904230,气场强大,3,静静子跳起来！期待呢,77277,14.0
465,1,6845419361557298646,,0,文案怎么写的这么好,77000,11.0
466,1,6847160661560580278,,0,黄女士真的有这么高的人气吗？,77000,2.0
467,1,6845211845917090652,,0,蓝盈莹加油冲冲冲,77000,4.0
468,1,6845101289163574580,,0,昕昕子,78923,32.0
469,1,6845099764450177918,,0,金框眼镜希希子,78000,13.0
470,1,6845823857282847149,,0,静静子，我来啦爱你,78048,5.0
471,1,6857592819310379841,,0,黄到底哪里好看啊？！？！？！？！！！？？？,78000,1.0
472,1,6845160035726472207,听姐姐的,3,留下花钱的痕迹,78989,9.0
473,1,6845625455563390114,,0,那个鸳鸯火锅是哪个品牌？,78652,
474,1,6845621920805298372,,0,文案太强了,79893,72.0
475,1,6845528788734279531,,0,这句话真的：成功反义词是甘愿平庸,79000,15.0
476,1,6849931795939052295,,0,看了几期了，觉得阿朵很有魅力，唱的好听，专业，有学识，会说话,79000,
477,1,6845099833169655023,,0,文案点赞,79894,57.0
478,1,6845966007815749688,,0,金晨冲鸭！！！,79095,4.0
479,1,6847433778531251557,,0,甘愿平庸不是成功的反义词吧，甘愿平庸也是一种选择,79000,
480,1,6845100700753052751,,0,来看静静子静香,80451,24.0
481,1,6845787947061246340,,0,我咋感觉，靠人气的时候来了勒？,80336,7.0
482,1,6845100266961354058,,0,去哪里？去明天。👍👍,80892,9.0
483,1,6852610378066570063,,0,现在是7月23号5：47马上就要公布成绩，我很害怕,80693,1.0
484,1,6845099498162204128,,0,我是第一个吗哈哈哈哈哈,80691,5.0
485,1,6845999182143208212,,0,啦啦啦啦啦啦啦来啦来啦,80000,
486,1,6845100468824817832,,0,这文案也太棒了吧,81420,45.0
487,1,6845101121659849385,,0,金晨啊啊啊,81113,28.0
488,1,6845197449186678009,,0,昕昕子，冲鸭,81378,14.0
489,1,6845849373683601641,,0,张萌长了一张介于郑欣怡和金晨之间的过渡脸~,81067,3.0
490,1,6845104561928665695,浪花崽,3,来看万茜～加油！,81050,7.0
491,1,6845406364986251150,,0,我来了，啊啊啊啊啊啊,81180,
492,1,6845639388437331044,,0,这文案真的可以,82414,84.0
493,1,6845196555833478299,,0,想看茜茜子跳舞！！,82569,8.0
494,1,6845100168177105831,,0,南京邮电大学于婷,82685,7.0
495,1,6845801622237128176,,0,黄龄冲冲冲,82996,6.0
496,1,6850306166763859923,,0,万茜，郑希怡冲啊！！！！！！！！！！,82503,
497,1,6846183625218905003,,0,00字冲鸭,82546,2.0
498,1,6845102246941284926,,0,百万文案来了,83117,83.0
499,1,6845102238351350295,,0,百万文案,83257,79.0
500,1,6845103870438928515,太后驾到,3,我绮最美,83043,11.0
501,1,6846283513273483244,,0,来看萌萌的海豚音,83000,
502,1,6845102199696644485,,0,王霏霏加油 孟佳加油,83000,9.0
503,1,6845811341748129908,,0,坤，加油(ง •̀_•́)ง,83190,
504,1,6845101946293573110,,0,吴梦知不愧是你,84000,30.0
505,1,6845214955473421425,,0,金晨我来啦啦啦,84541,26.0
506,1,6845579765701208815,,0,吴昕 钟丽缇 郑希怡冲冲冲！,84197,6.0
507,1,6846772293437213947,浪花崽,3,那些有窟窿的衣服是不是都是黄玲剪的。哈哈哈。,84114,3.0
508,1,6845250839925283486,气场强大,3,来看静静子,84000,8.0
509,1,6847729263691732791,,0,芒果每次的这种词都好好啊啊啊啊啊,84710,2.0
510,1,6851094134350230414,,0,这写文案的哈佛大学毕业的吧 ,85150,28.0
511,1,6845099979198543847,,0,茜山万海,85186,19.0
512,1,6847889362893327787,,0,终于考完期末了啊啊啊啊啊又可以看见姐姐们了,85334,
513,1,6845100674983248872,,0,浴室歌姬冲丫,85909,14.0
514,1,6846235809071647704,,0,芒果的文案从来不会让人失望,85196,10.0
515,1,6847703163175294554,,0,这句话好像《你还在我身旁》....,85385,
516,1,6845100262666386754,,0,文案想哭,86780,64.0
517,1,6845100146702269266,,0,来看我含韵……,86649,39.0
518,1,6845315032506659462,听姐姐的,3,妹妹们我来了,86708,5.0
519,1,6847425948805857789,,0,张雨绮 我来啦 啊啊啊,86000,1.0
520,1,6845147030565463002,跟班小弟,3,为姐姐们打卡,86117,5.0
521,1,6846028271956758166,,0,王霏霏，郑希怡冲鸭,86790,
522,1,6845101392242790066,,0,芒果的文案好好哇,87000,21.0
523,1,6845100150997236573,,0,文案太爱了,87115,90.0
524,1,6845189817029775247,拎包妹,3,这文案厉害啦～,87000,16.0
525,1,6845934856417895030,,0,金晨，为金晨而来……出道出道,87000,5.0
526,1,6845101125954816691,,0,郁可唯啊啊啊啊啊,87778,13.0
527,1,6853633185875061618,,0,李斯丹妮冲冲冲！！！,87414,
528,1,6845216879618775362,,0,文案还是一如既往的优秀,88112,73.0
529,1,6845335837328260321,,0,换旁白了？,88000,7.0
530,1,6845106992880164257,,0,文案好评,88000,68.0
531,1,6845656306313546494,,0,静静子冲啊,88191,4.0
532,1,6845949532321171555,,0,张雨绮的性格真的很棒,88000,3.0
533,1,6856590915107775092,,0,文案真的太棒了，就是有点扎心,88156,
534,1,6845118129730413067,拎包妹,3,这文案绝了,89191,43.0
535,1,6845441609487918617,听姐姐的,3,金晨姐姐我来啦,89247,8.0
536,1,6845830003381056974,,0,这文案我已经疲疲了,89000,6.0
537,1,6845100138112334629,听姐姐的,3,晨晨子、加油💪、我pick你,89000,8.0
538,1,6846352937124960405,,0,我每次都觉得开头最好看，开头和中间仿佛不是一个节目,89000,
539,1,6845181995894310944,听姐姐的,3,来啦来啦,89134,5.0
540,1,6845100438760046641,,0,文案也太强了吧,90038,359.0
541,1,6847400063037927187,,0,百万文案不是浪得虚名,90614,26.0
542,1,6845100077982792187,,0,想看大碗宽面7人原地成团出道,90837,54.0
543,1,6845431387465740334,,0,茜茜子冲鸭,90000,17.0
544,1,6845962563251971984,,0,妈呀 我的座右铭就是想当个平凡人 我是不是与成功无缘了…枯了,90000,1.0
545,1,6845102264121154164,,0,为姐姐们留下jio印,90000,14.0
546,1,6845503036110315611,,0,文案太好了,91251,98.0
547,1,6845605642879214663,,0,吴昕给我出道！,91466,30.0
548,1,6845193828529238902,,0,宁静好棒,91948,22.0
549,1,6845396658360157519,,0,以前看万茜觉得很酷，这次才发现也有憨憨的一面,91466,9.0
550,1,6845100559019131427,,0,李斯丹妮！！！！！！,91743,21.0
551,1,6845793165446514813,,0,昕昕，你是最棒的，动起来吧😘,91000,1.0
552,1,6845102178221807926,,0,我爱我的李斯！,92888,33.0
553,1,6845102663553114157,,0,文案每次都好感动,92000,15.0
554,1,6849569150374929076,,0,这文案我头皮发麻,92595,9.0
555,1,6846192451376707102,,0,所有的姐姐我都喜欢😂,92240,3.0
556,1,6853418248531500867,,0,女团门面 金晨！！为仙女姐姐q音打榜冲！！,92605,
557,1,6845101130249784011,,0,文案爱了爱了,92000,7.0
558,1,6845613086057552908,,0,你的文案棒棒棒,93000,38.0
559,1,6845100412990242756,,0,百万文案,93683,115.0
560,1,6845099785925014497,,0,希望王霏霏C位出道,93015,37.0
561,1,6845430266479274664,,0,金晨啊啊啊啊,93572,18.0
562,1,6846244149898154545,,0,用力用错方向就会变成可笑。,93085,1.0
563,1,6845206163675343278,,0, 妈妈呀，太太太酷了,93000,3.0
564,1,6845469745818722499,,0,不得不说，芒果的文案确实很棒,94553,51.0
565,1,6845099910479066739,,0,百万文案,94057,63.0
566,1,6845100593378869908,,0,期待万海王跳舞💃🏻跳舞,94557,12.0
567,1,6845882749874558123,,0,昕昕子加油💪🏻,94000,2.0
568,1,6847120933113031013,,0,韵韵子冲鸭！辰辰子冲鸭！唯唯子冲鸭！,94289,
569,1,6845284830296560733,,0,文月和罗静萍再看,94521,2.0
570,1,6845100206831811650,,0,百万文案,95000,122.0
571,1,6848236026884284670,,0,芒果的文案真的太赞了,95000,25.0
572,1,6845561967356703106,,0,文案好棒,95000,28.0
573,1,6845925983015446119,,0,这个文案还真是“高高在上”的感觉呢,95353,18.0
574,1,6849979036284435370,,0,这文案听了起一身鸡皮疙瘩,95000,5.0
575,1,6845203436371103312,浪花崽,3,文案很棒,95319,21.0
576,1,6845100378630504239,,0,百万文案来了,96036,179.0
577,1,6845100528954360224,,0,让许飞来写文案吧,96978,67.0
578,1,6845100520364425582,,0,百万文案,96084,151.0
579,1,6845285315627866506,,0,文案好厉害,96885,53.0
580,1,6845945181519292783,,0,文案和声音都好好,96614,32.0
581,1,6846723000097486101,,0,花心的我pick好多姐姐啊，嗷嗷,96000,6.0
582,1,6845368449014949672,,0,百万文案,97000,50.0
583,1,6845099592651485145,,0,我爱JDC啊,97274,28.0
584,1,6845235343683233676,浪花崽,3,这个文案强啊,97919,21.0
585,1,6845481621403323072,,0,00子冲啊！！！！！！,97326,1.0
586,1,6845148731372517398,拎包妹,3,晨晨子冲啊！！！,97649,4.0
587,1,6845930093299155546,,0,加油鸭！！！！！！,97998,
588,1,6845101533976711354,,0,文案绝了,98850,206.0
589,1,6845099970608609188,,0,文案写的太棒了,98000,53.0
590,1,6845378112691367743,,0,文案比黄晓明念的好听,98000,16.0
591,1,6845839602632979149,,0,王丽坤加油(ง •̀_•́)ง,98114,6.0
592,1,6855644699451248143,,0,去哪里？去明天。太绝了吧这个文案,98000,
593,1,6846287610672289855,,0,特意为了张萌开会员呀😄,98140,
594,1,6845100653508412308,,0,这文案真的瑞思拜,99007,239.0
595,1,6845576991152330611,,0,姐姐们只是去做女团啊说得抗震救灾一样,99926,48.0
596,1,6845100709342987364,,0,旁白变了声音好好听,99000,109.0
597,1,6845787277046347746,,0,张小花，我心中的No1！,99301,1.0
598,1,6846670704575620543,,0,没办法，投票的是观众，大家都会带点自己的喜好，所以拼实力也拼人气,99000,
599,1,6845443675367190993,最强舞担,3,最强舞当，金晨,99242,3.0
600,1,6845100215421746294,,0,千万文案,100062,127.0
601,1,6846659580610311183,,0,文案厉害(ง •̀_•́)ง,100875,25.0
602,1,6845100919796385698,,0,旁白声音好听 ,100000,28.0
603,1,6852662995710986800,,0,莎莎子三公加油呀！！！q音投票姐妹们冲冲冲榜一啊！  ,100000,
604,1,6845421405961733430,,0,专门为看芒果综艺充VIP,100000,13.0
605,1,6848582677990272379,,0,文案，这么多赞有没有压力😁️😁️再给点压力,100164,
606,1,6845099906184099400,,0,百万文案，跪下了,101000,161.0
607,1,6845304544196505221,,0,孟佳王霏霏,101246,22.0
608,1,6845099695730700813,,0,百万文案,101311,114.0
609,1,6845410054363160697,,0,非会员什么时候能看？,101892,1.0
610,1,6845103994992980551,演技派,3,万茜加油呀,101056,18.0
611,1,6845204845120380019,最强舞担,3,吴昕你要加油嗷,101370,4.0
612,1,6845100735112791260,,0,文案写的太好了＼(^▽^)／！,102502,81.0
613,1,6845100112342530727,,0,百万文案,102545,147.0
614,1,6845102435919846623,,0,文案彰显节目档次啊,102000,52.0
615,1,6846628102794961014,,0,吴昕吴昕吴昕吴昕吴昕吴昕吴昕加油！,102296,5.0
616,1,6845561829917749402,,0,张含韵太优秀了啊啊,102712,22.0
617,1,6849787768505655563,,0,乘风破浪姐姐，比创造101都还好看。,102808,
618,1,6845101817444553808,,0,文案绝了,103380,106.0
619,1,6845102049372788595,,0,新旁白声音好听！,103000,95.0
620,1,6845101649940828726,听姐姐的,3,文案真是绝了,103026,60.0
621,1,6845107430966830224,最强舞担,3,百万文案又来了！！！,103510,15.0
622,1,6845100288436190652,,0,这期旁白好像不是晓明了,103973,43.0
623,1,6845390847269403838,,0,这文案写的说的真的是很让人热血沸腾。,103639,7.0
624,1,6845483519778872663,最强舞担,3,加油,104176,2.0
625,1,6845294962124444639,,0,这文案，真的绝了,104644,84.0
626,1,6845444272367646024,,0,芒果台就是牛，文案绝了,104000,23.0
627,1,6845605574159737791,,0,喜欢李斯丹妮和宁静。,104770,17.0
628,1,6855295759127627307,,0,姐姐们，太棒啦，爱你们！,104961,
629,1,6847469851961635253,,0,张含韵好美！喜爱度最低？？,104813,
630,1,6845440763379360061,,0,芒果台的文案真的太牛了,105010,99.0
631,1,6845100627738608430,,0,芒果的文案真的牛,105000,54.0
632,1,6845100825307104799,,0,文案不错,105872,52.0
633,1,6845560648801740948,,0,旁白声音好好听啊,105000,28.0
634,1,6845953092849066525,,0,金晨，晨晨子加油！,105953,7.0
635,1,6846172161951182081,,0,王丽坤冲鸭，低调的姐姐,105012,3.0
636,1,6845237581361201453,,0,文案有那味儿了,106808,85.0
637,1,6845099979198543855,,0,打卡，淘汰伊能静,106000,79.0
638,1,6845587900369282094,,0,每期文案都好棒呀,106296,65.0
639,1,6858131086087599555,,0,宝藏女孩张含韵冲呀,106583,3.0
640,1,6845100026443184370,,0,文案好评,106868,68.0
641,1,6845441613782885917,,0,佳佳子 一定要回来 你的舞台怎么看都不够啊,106000,3.0
642,1,6845100258371419438,,0,张雨绮冲啊！！giaogiaogiao！哦豁！,107033,24.0
643,1,6845100193946909720,,0,这文案不得不服,107598,93.0
644,1,6845100339975798422,,0,百万文案我来了,107130,23.0
645,1,6845417128174302742,,0,来看蓝盈莹,107216,16.0
646,1,6845277322693708235,,0,什么时候能像你这么有文采,107988,7.0
647,1,6846183204312109599,,0,人气很重要，观众说好才行,107000,
648,1,6845100095162661472,,0,文案好评,108000,61.0
649,1,6845144651153573622,听姐姐的,3,是金子，到哪儿都会发光！,108861,9.0
650,1,6845100090867694155,,0,万茜万茜只为等你,108000,24.0
651,1,6846720161124099330,,0,要是芒果的预告剪辑跟文案一样好就好了,108378,4.0
652,1,6845100305616059904,,0,真没的文案,108745,5.0
653,1,6845252527847435756,,0,来了来了。烧烤吃起，啤酒喝起,108111,3.0
654,1,6845930312342488063,,0,我开始学新的东西了。30岁以上的姐姐们都在挑战自己，我没有理由待在舒适区,109910,13.0
655,1,6845100219716713604,,0,文案优秀,109000,39.0
656,1,6845100430170112001,,0,好会讲,109000,22.0
657,1,6845399299765045680,,0,去哪里？去明天！,109000,12.0
658,1,6845283924058459059,,0,李斯丹妮我来了啊啊啊啊啊,109000,11.0
659,1,6845099854644491585,,0,王霏霏i,109113,12.0
660,1,6845099760155210607,,0,百万文案来了,110786,126.0
661,1,6845232693688404206,太后驾到,3,文案我爱了 毓,110000,16.0
662,1,6845100228306648232,,0,万茜我来了,110000,34.0
663,1,6845444349677057471,,0,激动人心，振奋人心！,110000,2.0
664,1,6845101877574096160,,0,琦琦子加油,110828,14.0
665,1,6845100292731157953,,0,要变成最好的自己,110193,5.0
666,1,6845192604463556820,听姐姐的,3,给文案点赞,111173,14.0
667,1,6846228524807094793,,0,子弹飞在路上，去哪里，去明天,111180,4.0
668,1,6845100687868150808,,0,大家都这么快的吗？,111149,5.0
669,1,6845211210261929150,太后驾到,3,哈哈哈我来了,111447,3.0
670,1,6853418330135879682,,0,孟leader好棒！！不断突破自己的样子so,111303,
671,1,6845197900158245166,跟班小弟,3,黄春瑶你这个笨蛋！！！！！！！！,111000,2.0
672,1,6845421783918855874,,0,成功的反义词是甘于平庸，也太可了,112177,53.0
673,1,6845099764450177923,,0,伊伊子，不要怕惊涛骇浪。我们爱你！,112703,20.0
674,1,6845946534433993382,,0,好喜欢看这个片头,112000,12.0
675,1,6847319416436826025,,0,金晨，张含韵冲啊！,112572,11.0
676,1,6845099511047106082,,0,来看静静子啦,112000,15.0
677,1,6845647866702792517,,0,这个综艺看得上头啊，大爱姐姐们,112985,6.0
678,1,6845101435192463213,,0,昕昕子勇敢飞，夹心糖永相随,113061,28.0
679,1,6845100430170112007,,0,百万文案,113000,20.0
680,1,6845117373816165302,听姐姐的,3,芒果文案，真的是爱了,113448,8.0
681,1,6845101387947822757,,0,霏霏冲啊,113000,17.0
682,1,6846652979245569770,,0,这是小明自己写的稿嘛？是的话我就夸他,113446,
683,1,6845263604568125803,听姐姐的,3,冲鸭 姐姐们,113671,1.0
684,1,6845624368936661942,,0,文案我为你打call,114000,40.0
685,1,6845101710070371068,,0,这个文案绝了,114947,59.0
686,1,6848915945978035597,,0,我好爱姐姐们，除了那个黄圣,114000,7.0
687,1,6845229605606909361,听姐姐的,3,非和佳,114000,11.0
688,1,6845517115013144272,,0,万茜我来了啊啊啊,114640,8.0
689,1,6845926459756816813,,0,就喜欢你们没有见过市面的样子,114000,
690,1,6846516648393502039,,0,努力永远是对的，蓝盈莹加油！,115381,6.0
691,1,6845100090867694148,,0,吴梦知的百万文案,115411,52.0
692,1,6849945376625676838,,0,球乘风破浪的哥哥要有胡歌,115101,3.0
693,1,6856702472588532682,,0,乘风破浪的姐姐来了,115627,
694,1,6845100004968347772,,0,哈哈第二,115000,3.0
695,1,6849124758698237548,,0,孟佳，李斯丹妮冲啊！！,115320,
696,1,6845421332947289345,,0,我要让文案出道,116000,37.0
697,1,6851363884066518244,,0,这个文案可以去出诗集了,116000,8.0
698,1,6845195009645248141,,0,佳佳子冲呀,116216,9.0
699,1,6845525949760890914,,0,所有的小姐姐加油,116000,3.0
700,1,6846589512513738492,,0,一开始的文案本来就不是小明，后面的旁白才是小明,116829,
701,1,6845100322795929163,,0,小雨,116091,6.0
702,1,6845227522547764670,,0,大爱雨绮,117394,19.0
703,1,6845100060802922914,,0,来了来了，郑希怡 白冰给我冲,117812,14.0
704,1,6845549722404920392,,0,旁白的配音大大是谁啊好好听,117000,1.0
705,1,6845099798809916471,,0,来了来了，乘风破浪,117989,4.0
706,1,6845942729092962380,,0,哈哈，抗震救灾那个绝了，真的像,117000,
707,1,6845100086572726829,,0,来了来了,117226,1.0
708,1,6845631691855918663,,0,支持蓝盈莹,118107,18.0
709,1,6845100550429196809,,0,表白佳佳子！,118122,14.0
710,1,6845101306343443823,,0,团粉在此，表白29个小姐姐💖,118000,7.0
711,1,6845101263393770697,,0,阿朵冲呀,118470,13.0
712,1,6856400012401258074,,0,这次的文案终于没有变形计的味道了,118706,
713,1,6845173174031464067,实力唱将,3,00子加油 ，等的就是你,118839,4.0
714,1,6846552197837830666,,0,这文案可以做成歌词了,119742,25.0
715,1,6848441592609237438,,0,这节目所有细节都很棒,119000,6.0
716,1,6845397586073093865,,0,文案优秀,119145,8.0
717,1,6847346663709431666,,0,倒回去再看了一遍文案,119414,3.0
718,1,6845100297026125277,,0,万茜 给我冲,119000,6.0
719,1,6845100013558282409,,0,会员这么爽,119149,3.0
