,stype,id,uname,content,time,v2_up_count
0,8980904,6845494622269361588,说唱bro,李斯丹妮冲啊啊啊啊啊啊啊啊啊！！！！！！！！！！！,877,12
1,8980904,6847413703854078683,,带沙袋的事情我觉得蓝盈莹才委屈 上一期的组也有啊 大家都很积极的带上了,0,9
2,8980904,6845150943280681304,浪花崽,唱跳全能郑希怡，七六五四三二一,0,13
3,8980904,6850715490032879947,,不是啊   吴昕主动站出来让人家选的啊,0,1
4,8980904,6845621972344906043,,都是奔着赢去的，所以蓝盈盈也没什么错,0,9
5,8980904,6864552581902984813,,静姐组的咋俩人太搞笑了，！这叫有友情？,0,
6,8980904,6845382935939642265,,最喜欢白冰 孟佳,1105,8
7,8980904,6845559192807824992,,宁静那里又没跳错，只能说修改的不够完善给人感觉挑错了,1000,6
8,8980904,6845211068528007991,,VIP打卡,1000,4
9,8980904,6845099463802465570,,第一第一来啦,1000,4
10,8980904,6847823353540679400,,琦趣蛋,1931,1
11,8980904,6845099412262857803,,耶，来啦,1955,4
12,8980904,6846286369426739429,,最爱我们萌萌子,2907,8
13,8980904,6845099322068544252,,来了,2739,14
14,8980904,6845099236169198074,,第一,2796,14
15,8980904,6845297947126723262,拎包妹,来了来了,2885,5
16,8980904,6845421521925850552,,来了 来了,2000,4
17,8980904,6846012217368976941,,加油＾０＾~,2130,1
18,8980904,6845100275551288687,跟班小弟,霏霏霏来啦,3000,28
19,8980904,6845229974974097885,浪花崽,都给我嚣张一点,3001,16
20,8980904,6846955731490524546,,姐姐都不涂梵蜜琳,3000,15
21,8980904,6845099300593707699,,第一个？,3977,19
22,8980904,6845108981450030539,拎包妹,刘政宝宝，我想你啦,3000,15
23,8980904,6845661378669933393,,第二遍重复播放，🌹🌹,3432,3
24,8980904,6845110493278525259,最强舞担,郑希怡我来了！,4969,22
25,8980904,6846617700384156147,,啦啦啦,4953,
26,8980904,6845099098730244380,,真准时啊,4751,15
27,8980904,6845254855719717323,浪花崽,来了来了，,4907,13
28,8980904,6845648407868672928,,来看静姐姐啦,4885,8
29,8980904,6846280657120227373,,来啦来啦，为了萌萌子而来,4260,6
30,8980904,6845113959317148636,说唱bro,来了来了yoyo~,5219,20
31,8980904,6845099880414295506,听姐姐的,第一,5127,20
32,8980904,6845101533976711356,浪花崽,卡点卡点来了,5372,18
33,8980904,6845800080343867462,,啊啊啊啊啊，姐姐们加油💪,5000,6
34,8980904,6845174088859500357,实力唱将, 来了来了 ,5000,14
35,8980904,6845962803770141008,,明敏系咯minorXP休息呀1我,5073,1
36,8980904,6845110407379178978,听姐姐的,万茜茜，我来啦,6000,64
37,8980904,6845203732723847453,,喜欢蓝迎盈,6000,42
38,8980904,6845102165336905986,浪花崽,张小雨我来啦,6000,20
39,8980904,6845208903864485021,拎包妹,袁咏琳姐姐我来啦,6000,11
40,8980904,6845099682845798834,浪花崽,来啦来啦姐姐们冲鸭,6183,17
41,8980904,6845405201050113277,,为了文案，我重看了片头,6000,10
42,8980904,6845129361069944312,浪花崽,这次的进度条不错,7408,18
43,8980904,6845144646858606312,演技派,我们小雨是最棒的！！！,7953,16
44,8980904,6845652445137939483,,太忙了，都没来得及看我的姐姐们,7989,2
45,8980904,6845189086885333244,气场强大,来喽！！,7917,12
46,8980904,6845552776126673326,,乘风破浪的姐姐。,7978,5
47,8980904,6864385383120629227,,晨晨子爱你呀(≧∇≦)/,7155,
48,8980904,6845116544887472943,演技派,顾以森打卡哈哈哈哈哈哈哈哈哈,8000,33
49,8980904,6845211167312256077,,说重点,8015,24
50,8980904,6845100803832268227,拎包妹,昕姐我来看你啦啦啦！,8100,13
51,8980904,6845791374445150973,,大家好  吴昕 梦辰 孟佳 冲  七人组大碗宽面冲,8015,1
52,8980904,6845112851215581353,浪花崽,姐姐们我来了,8038,11
53,8980904,6845237435332313012,浪花崽,来看热闹喽,8000,6
54,8980904,6845147709170297882,听姐姐的,琦琦子 加油加油,9000,33
55,8980904,6845270351961767747,浪花崽,都是vip精神点,9918,14
56,8980904,6846391136564154239,,加油(ง •̀_•́)ง昕昕子,9771,10
57,8980904,6849750823196956395,,要是巩俐 章子怡 张曼玉 王菲 周迅 赵薇来这个节目踢馆绝对爆,9000,1
58,8980904,6845101555451547925,气场强大,来喽来喽,9008,11
59,8980904,6845227136000706929,听姐姐的,姐姐们 来了,9000,9
60,8980904,6845100576199000662,听姐姐的,来了来了,10815,14
61,8980904,6845222686414575607,,谁有会员啊？,10000,7
62,8980904,6845118069600870659,听姐姐的,来了来了,10000,8
63,8980904,6846279514658924934,,昕昕子冲啊啊啊啊啊啊,10083,1
64,8980904,6845099863234426233,,来了来了 🧍‍♀️,10000,7
65,8980904,6849913632522325377,,姐姐们我来啦,10097,
66,8980904,6845180183418107836,实力唱将,以为要晚上才能看到，没想到刚刚一打开就有了,11848,11
67,8980904,6845107053009706642,听姐姐的,来了,11011,10
68,8980904,6845178147603604790,听姐姐的,来了,11686,7
69,8980904,6845099227579263468,,妥妥滴第一,11898,6
70,8980904,6845528986302775571,,爱上袁咏琳、蓝盈盈、阿朵,11000,4
71,8980904,6845172907743491071,听姐姐的,来迟了没？,11164,5
72,8980904,6845147017680561079,听姐姐的,啊啊啊啊！姐姐们我来啦！！,12456,8
73,8980904,6845103677165399544,听姐姐的,第三,12000,7
74,8980904,6845338457258312301,,金晨我来了！！！,12000,3
75,8980904,6845099317773576935,,抢到第一了？,12000,7
76,8980904,6845932799128556734,,打个卡打个卡,12982,2
77,8980904,6848442520322175972,,李斯丹妮冲冲冲,12107,1
78,8980904,6845173977190350394,最强舞担,你一票，我一票，昕姐明天就出道,13000,11
79,8980904,6845112357294340102,听姐姐的,姐姐们，我来啦,13000,9
80,8980904,6845292131740988292,演技派,王恩虎你一定在看,13000,5
81,8980904,6845099133089982795,,我是第一个吗,13304,7
82,8980904,6854148496051946171,,坐看小花打脸孟佳掐人中,13299,
83,8980904,6845200124951309860,听姐姐的,啊啊啊啊啊来晚了,13122,5
84,8980904,6845249963751952420,听姐姐的,00子 我来啦 抱走姐姐！,14000,20
85,8980904,6845229588427040136,,喜欢蓝盈莹,14000,37
86,8980904,6845253786272857250,气场强大,金晨加油💪。     晨晨子原地出道,14000,4
87,8980904,6845105382267422201,浪花崽,直挂云帆济沧海,14000,9
88,8980904,6846318040515624086,最强舞担,郑希怡加油！冲啊！,14000,2
89,8980904,6846908306461591768,,我爱万茜啊啊啊啊啊啊！冲冲冲,14000,
90,8980904,6845154533873351185,听姐姐的,为了看姐姐们现充的会员,15221,8
91,8980904,6845518790050393437,太后驾到,我来了张雨绮给我冲,15000,6
92,8980904,6845469552545193816,气场强大,姐姐来了,15000,4
93,8980904,6851324164208947764,,爱死浪姐的文案啦！,15141,1
94,8980904,6845441545063409086,,姐姐们真棒,15000,4
95,8980904,6846284071619232538,,为萌萌子加油＾０＾~,15103,1
96,8980904,6845483116051945797,听姐姐的,来了来了，琳琳子，朵朵子,16817,7
97,8980904,6845242554933345037,浪花崽,加油，琪琪子,16860,8
98,8980904,6845164180369923826,听姐姐的,太喜欢这个节目了,16000,6
99,8980904,6845099257644034608,,来了来了,16000,7
100,8980904,6846749555880317577,,茜茜子冲啊啊啊啊,16192,5
101,8980904,6845125340980537343,气场强大,来咯……,16000,6
102,8980904,6845295932787056130,听姐姐的,來了來了,17976,8
103,8980904,6847525480378140675,,喜欢这个前面的前段，很有感触,17298,2
104,8980904,6845101907638867342,太后驾到,加油！！,17000,7
105,8980904,6845602460308442244,,喜欢宁静姐的浪花们🌸赶快给静姐投票啊,17418,2
106,8980904,6845103226193831875,浪花崽,来了来了,17923,6
107,8980904,6851223073563649017,拎包妹,姐姐们加油💪,17000,
108,8980904,6845309440459231481,演技派,茜茜子我来啦,18000,8
109,8980904,6845108070916959930,气场强大,来了,18979,9
110,8980904,6847337365105203073,,就觉得快点哦看到回复就发if看打卡打卡看的可,18364,
111,8980904,6845178426776479693,浪花崽,来了来了,18000,5
112,8980904,6845423085293947807,,吴昕我来了,18909,4
113,8980904,6846837718674064227,,这个开头跟小时代一样,18051,
114,8980904,6845219774426740730,听姐姐的,我来拉，来看姐姐们拉。,19488,5
115,8980904,6845166658566060065,跟班小弟,来了来了,19512,7
116,8980904,6845135760571240619,气场强大,姐姐们来啦来啦,19033,6
117,8980904,6845924926453489387,,为姐姐们专门冲的会员！,19588,1
118,8980904,6845450396991019754,,这个文案好棒,19000,3
119,8980904,6845989728920170778,浪花崽,来啦来啦👏👏👏,19712,
120,8980904,6845153017749891336,听姐姐的,蓝盈莹冲啊,20000,15
121,8980904,6845110879825583599,跟班小弟,来了,20359,7
122,8980904,6845340243964708291,,雨绮加油！！,20060,5
123,8980904,6848982526561185313,,金晨 我来了！啊啊啊啊啊,20000,1
124,8980904,6845099949133772595,浪花崽,今天准时,20544,6
125,8980904,6849616966245951329,,看到蓝盈莹，我想到了亲爱的客栈里的吴磊,20000,
126,8980904,6858535281165650396,,打开,21290,
127,8980904,6845825785723165867,,文案组加鸡腿,21895,18
128,8980904,6845099824579720394,最强舞担,我是第一  昕昕子  冲呀,21000,13
129,8980904,6849550896763839813,,喜欢这段播音的咬字和发音，舒服,21000,
130,8980904,6845443434849022062,听姐姐的,开始新的一期了，鸡动,21617,3
131,8980904,6846465456678292422,,冲浪榜有什么用啊，都投给静静子了还是很低,21993,
132,8980904,6845275136555348752,最强舞担,来了,22000,32
133,8980904,6845376227200724415,,梦知的文案,22000,7
134,8980904,6848946143893148790,,芒果文案真的炒鸡好,22254,6
135,8980904,6845180024504317504,太后驾到,都是会员放肆点,22000,7
136,8980904,6845554287955164292,听姐姐的,我就是来看吴昕的，不追星，就瞧她顺眼,22210,5
137,8980904,6853792370248265961,,姐姐们加油＾０＾~,22107,
138,8980904,6849929541081216421,,期待姐姐们的表演,23846,1
139,8980904,6845129726142165983,听姐姐的,来了来了,23000,2
140,8980904,6845578163678404595,拎包妹,姐姐们，我来啦！,23012,1
141,8980904,6845524154464557539,,没会员，好难等,23370,1
142,8980904,6856506068028782927,,都是有钱银～～～,23000,
143,8980904,6845099382198086603,,来啦,23000,1
144,8980904,6845378361799470966,,超级喜欢张含韵,24112,20
145,8980904,6846097146052364606,,这文案写的好文艺,24991,6
146,8980904,6845110493278525262,浪花崽,希希子冲鸭,24329,9
147,8980904,6851817793390764116,听姐姐的,姐姐们，奥利给！！！,24971,
148,8980904,6845959144457997932,浪花崽,昕昕子加油！！！,24000,1
149,8980904,6845099249054099999,,昕昕子加油啊,24438,6
150,8980904,6845140987546458301,气场强大,吴昕冲鸭,25849,6
151,8980904,6845111829013360227,听姐姐的,来了来了,25000,3
152,8980904,6845918045915868608,,吴昕冲鸭~~~,25000,1
153,8980904,6864967441385098318,,为静静子打call,25197,
154,8980904,6845099858939458921,,来了来了,25788,3
155,8980904,6845410724378059355,,来来来，来了😁,25108,1
156,8980904,6845570793514511699,气场强大,昕想事辰冲呀！,26855,6
157,8980904,6845105270598272131,听姐姐的,来了,26735,8
158,8980904,6845101108774947433,,松松子，快回来,26000,5
159,8980904,6845403517422932331,,非会员等几天能看啊,26090,1
160,8980904,6845532310607469385,,终于可以看了，感天动地,26320,
161,8980904,6845100490299654392,,来来来了,26285,3
162,8980904,6845275179505021821,,一不注意就又自动续了一个月的会员,27669,7
163,8980904,6845099223284296162,,百万文案又来了,27674,51
164,8980904,6845099519637040702,,李斯丹妮我来啦,27616,30
165,8980904,6845164334988746860,听姐姐的,乘风破浪会有时,27807,7
166,8980904,6846284191878317015,,萌萌子真的太有气场了,27791,
167,8980904,6845150492309113901,实力唱将,郁可唯男妈妈来啦！,27000,2
168,8980904,6845109187608461602,浪花崽,别问我是谁我是茜姐的跟班,28000,3
169,8980904,6845099553996779271,,来早了，只有标清？,28000,3
170,8980904,6845433848482003958,听姐姐的,加油昕昕子,28000,2
171,8980904,6853749940266268779,,我一个会员竟然没发过言，孟氏叹气,28905,1
172,8980904,6845255018928475063,跟班小弟,男同胞们来集合,28000,2
173,8980904,6850650416983237360,,婧婧~~~~~等你回来~~~~啊啊啊,28716,
174,8980904,6845656710040473271,听姐姐的,王智唱的很喜欢啊，有一种天然的纯粹,29000,6
175,8980904,6845153881038320357,听姐姐的,终于来了,29037,4
176,8980904,6845099721500504736,浪花崽,第一,29004,4
177,8980904,6845099553996779262,,还没人来？,29916,3
178,8980904,6845993980937802341,,最开心就是看姐姐们了～,29647,
179,8980904,6845295898427317667,,姐姐我来了,29958,1
180,8980904,6845250114075808252,听姐姐的,黄龄 黄龄 黄龄！！！浴室歌姬🛀,30000,19
181,8980904,6845808515659645684,,芒果文案写的不错,30000,12
182,8980904,6845101503911940168,拎包妹,郑希怡加油！！期待你的舞台,30000,10
183,8980904,6852662248386676180,,上周的霞姐rap惊艳到我啊啊啊！！！这周一定让你回q音榜首！！！  ,30000,
184,8980904,6845099828874687697,浪花崽,第一哈哈哈哈哈哈,30577,4
185,8980904,6846286644304646799,,萌萌子冲呀，冲呀冲呀。,30790,
186,8980904,6845250461968160294,,海陆海陆,31132,16
187,8980904,6845135949549802372,气场强大,张含韵爱你😘,31930,16
188,8980904,6845148654063105855,说唱bro,来喽来喽她们来喽,31000,3
189,8980904,6845612884194089644,,昕姑凉↖(^ω^)↗↖(^ω^)↗加油,31528,2
190,8980904,6845099966313641886,,张雨绮我爱你,31000,8
191,8980904,6845802184877844521,,哈哈哈有意思,31000,1
192,8980904,6845099562586713901,,郑希怡冲冲冲！,32371,65
193,8980904,6845100039328086319,听姐姐的,蓝光呢,32892,5
194,8980904,6845099420852792420,,期待伊伊子的表现！,32338,13
195,8980904,6845159249747454872,听姐姐的,能看到我的颜色吗？,32207,9
196,8980904,6845449851530172329,演技派,嘎嘎嘎嘎，加菲猫冲鸭,32928,3
197,8980904,6845440651710210190,,小姐姐们气质颜值同时在线,32826,2
198,8980904,6845099485277302173,,在座的都是会员,33000,8
199,8980904,6845213903206430924,,郑希怡,33000,6
200,8980904,6845217824511583076,听姐姐的,加油啊姐姐们,33026,4
201,8980904,6845249392521300344,最强舞担,金晨我来啦？！？,33000,2
202,8980904,6845646685586783526,,乘风破浪的姐姐们，加油！,33943,
203,8980904,6845099858939458903,,一刷开始,33175,4
204,8980904,6845117030218779890,听姐姐的,刘政宝宝，我想你了鸭,34000,14
205,8980904,6845434157719649680,最强舞担,秋雅，你会回来的,34923,6
206,8980904,6845294876225098472,气场强大,纪濛濛，加油鸭🦆🦆🦆🦆🦆🦆🦆🦆🦆🦆🦆,34704,3
207,8980904,6845638915990927283,,觉得王智有点像曾经的王祖蓝的感觉,34239,1
208,8980904,6845099635601158330,,就我一个人。。,34660,4
209,8980904,6845842033584473491,,精彩演绎,34350,
210,8980904,6845136086988756358,听姐姐的,万茜 A瓜,35162,11
211,8980904,6845460898186076574,,这节目文案真的第一名,35000,10
212,8980904,6845099618421289063,,留下花钱的痕迹,35782,11
213,8980904,6845237220583947589,,给郑希怡撑场面！,35733,10
214,8980904,6845901282658480472,,为李斯丹妮打call,35299,3
215,8980904,6864013559210979909,,快乐的太短暂，痛苦的太缓慢,35382,
216,8980904,6845099472392400211,,茜茜子冲鸭,36000,10
217,8980904,6845619700307201909,,你们尽力了也没用 他们所谓的投票就是看火不火 不看实力,36703,3
218,8980904,6845431241436852080,气场强大,沈梦辰是真漂亮,36000,5
219,8980904,6852822119954435206,,喜欢宁静，张雨绮,36065,1
220,8980904,6865589146492689305,,王智的眉毛修的撇，画的也撇,36305,
221,8980904,6846807868651350799,,"从前有个大森林
森林里有各种各样的恐龙
有霸王龙雷龙双龙剑龙甲龙鸭冠",36944,
222,8980904,6846146306248045274,,除了我还有男的看这个吗🌝🌝,37418,21
223,8980904,6845125207836550550,最强舞担,给大碗宽面都姐姐排面,37000,17
224,8980904,6845099584061550495,,我一个会员你让我看这？,37169,14
225,8980904,6849544505852496453,,就是看吴昕的，，，，，，，，，，，，,37000,
226,8980904,6846022400736454197,,王智赶紧回来吧，都等着你呢,37489,2
227,8980904,6845791520474039150,,金晨我来了,37406,12
228,8980904,6845404123013321393,,王智很好，就是没有什么知名度，可惜,38000,5
229,8980904,6845099584061550488,,怎么没有蓝光气气会员啊我是,38955,5
230,8980904,6845099489572269482,,来了来了,38000,2
231,8980904,6845657946991057201,,宁静为啥总涂这种脏兮兮的口红颜色啊,38000,1
232,8980904,6848458287147168838,,乘风破浪的姐姐们，冲啊。。。。。。。,38197,
233,8980904,6845099313478609620,,来了,38051,2
234,8980904,6845575840101093295,,来了来了，静静子冲啊,39743,5
235,8980904,6845100632033575738,,万崽子我来惹,39000,8
236,8980904,6845994225750938721,,吴梦知！！！太喜欢你的文案了！！！,39624,2
237,8980904,6853417870574377937,,无限可能张小雨，期待这周的新歌，我去q音给你打投！！！！,39962,
238,8980904,6845222523205817916,,昕昕子加油＾０＾~,39090,4
239,8980904,6850759895699833366,,来看很有争议人物的这一期,39000,
240,8980904,6851072620858998510,,王智真的是我意难平啊,40945,10
241,8980904,6845126827039228483,听姐姐的,静姐加油,40182,8
242,8980904,6852662355760858750,,无限可能张小雨，期待这周的新歌，我去q音给你打投！！！！,40000,1
243,8980904,6846645553247106136,,郑希怡好像神奇女侠女主！好A,40000,6
244,8980904,6845101667120697962,浪花崽,吴昕加油,40137,7
245,8980904,6849258555519619839,,为了姐姐们开了会员啊啊啊要是我40岁也能像他们一样好的状态就棒棒了哈哈哈,40837,
246,8980904,6845145505852068217,演技派,小雨冲冲冲,41957,12
247,8980904,6845239947888188543,,王霏霏加油,41000,6
248,8980904,6845816830716341148,,加油吧姐姐们,41000,2
249,8980904,6845402636954636249,,快快快，发热中,41150,1
250,8980904,6847698296977325077,,啊啊啊啊啊啊静静子,41373,
251,8980904,6845099798809916466,拎包妹,第一,41261,6
252,8980904,6845100378630504226,,看了节目，喜欢许飞，黄龄，阿朵,42072,16
253,8980904,6845099811694818417,,万茜万茜万茜万茜万茜万茜万茜万茜我来啦！,42998,7
254,8980904,6845155869608183942,浪花崽,来了来了,42244,5
255,8980904,6845113057374012487,说唱bro,姐姐们冲鸭！！！,42000,2
256,8980904,6845529656317675074,,昕昕，为你而来，加油💪,42000,1
257,8980904,6845099717205537417,,为啥是标清啊,42382,3
258,8980904,6845398908923021571,,静静子！宁静的夏天！,43000,22
259,8980904,6845609031608417646,,这文案总是吸引我,43528,7
260,8980904,6845122386043023860,最强舞担,辰辰子冲冲冲,43195,5
261,8980904,6846740197146565452,,昕昕加油!!!!!,43615,1
262,8980904,6845099700025668137,,姐姐们来了,43683,5
263,8980904,6845099450917563633,,哇，准时了,43209,5
264,8980904,6845157226817853086,说唱bro,霏佳给我冲鸭！！！！！！！！,44922,15
265,8980904,6845099502457171430,,yeah!可以看了,44701,5
266,8980904,6845868189935384998,,万茜我来了,44116,3
267,8980904,6846903251285081593,,上课开始可是可是,44899,1
268,8980904,6845385014703814058,,姐姐们冲呀,44000,2
269,8980904,6847404723077450264,,昕姐加油＾０＾~,44701,
270,8980904,6845099579766583178,,VIP的寂寞,45528,15
271,8980904,6846154960607150473,,兰花草出道！！,45359,8
272,8980904,6845211772902646405,,万茜,45541,11
273,8980904,6847499796473677052,浪花崽,含韵姐姐加油💪,45000,5
274,8980904,6847851949433060225,,张雨绮爱了爱了,45000,1
275,8980904,6845099438032661689,,来了来了,45000,5
276,8980904,6845100193946909728,,宁静姐姐加油呀,46543,22
277,8980904,6848245308308638928,,好喜欢姐姐这档节目的文案,46000,1
278,8980904,6845323042620675900,实力唱将,我来啦我来啦姐姐们冲呀,46000,5
279,8980904,6845101194674293700,,进度条太感人了,46135,9
280,8980904,6848043891521833648,,浪花来了，喜欢张含韵,46004,1
281,8980904,6845541729470767686,,真的没她镜头了吗,46622,1
282,8980904,6845346166724611929,,张含韵好,47000,10
283,8980904,6845100859666843314,,郁可唯我爱你,47000,9
284,8980904,6845232328616182965,太后驾到,加油💪姐姐们,47000,8
285,8980904,6849977631830127435,,张含韵我爱你！！！,47987,5
286,8980904,6845418498268871353,最强舞担,王霏霏给我冲,47808,7
287,8980904,6854690138673085488,,宁静更适合当RL,47627,
288,8980904,6845108530478462512,跟班小弟,我不好横吗？,48809,11
289,8980904,6845099815989785738,,万茜冲鸭！！！,48132,9
290,8980904,6845099751565275958,,姐姐们我来了,48699,3
291,8980904,6845128639515435518,听姐姐的,金晨我来了,48887,8
292,8980904,6845819381926918312,,张雨绮真性感真好,48139,2
293,8980904,6845223313479802617,,爱静姐和小雨,48025,6
294,8980904,6845106443124348247,,来了来了，万茜吴昕加油,49962,12
295,8980904,6845105283483174058,,静姐霸气,49000,16
296,8980904,6845473821742695031,,挺喜欢张含韵的呀,49950,8
297,8980904,6856580486927166140,,宁静的口红色号是我想挑战的,49000,
298,8980904,6845140626769204129,最强舞担,雨绮冲啊！！！,49355,7
299,8980904,6847854217175802557,听姐姐的,美丽的姐姐们来了……,49066,
300,8980904,6845469367861599747,,李斯丹妮，我来啦,50611,15
301,8980904,6845564746200548476,,张雨绮我爱你,50837,6
302,8980904,6845846998566680440,,伊能大小姐什么时候走啊,50000,5
303,8980904,6848223339550854111,,金晨 万茜 霏霏爱你们,50132,3
304,8980904,6845099657075994924,,静静子缇缇子,50856,6
305,8980904,6845941449192705896,,厉害厉害真心佩服,50638,
306,8980904,6845103659985530293,太后驾到,我的小雨呢,51738,15
307,8980904,6845180436821178852,太后驾到,郑希怡冲鸭,51000,9
308,8980904,6845118348773746196,听姐姐的,飞飞子 不管在哪里都最棒！！！！,51000,6
309,8980904,6845951757114234961,,四公都开始了，这怎么还是一公?,51922,2
310,8980904,6845629436998082761,,来了，拎个包来了,51792,
311,8980904,6845099592651485129,,我是第一吗,51677,1
312,8980904,6845197380467201091,,王志唱的不错,52428,13
313,8980904,6845100533249327532,,吴昕昕冲啊啊啊啊啊啊啊,52213,11
314,8980904,6846612701042216022,,孟佳王霏霏我来了,52104,2
315,8980904,6852662463135041296,,wuli丽坤真的进步好多！！舞台惊艳到我！q音打投我来了  ,52000,
316,8980904,6845099584061550485,,我是第一个吗,52665,3
317,8980904,6846393065004472907,,超喜欢郑希怡 ❤️❤️,52000,2
318,8980904,6845420199075922135,,全靠同行衬托的来喽,53488,9
319,8980904,6845323068390479709,,万茜,53947,11
320,8980904,6845102319955729220,,喜欢梦晨的性格,53795,8
321,8980904,6845810259416369916,,含韵姐姐加油哇！,53139,3
322,8980904,6845554300840066206,,张雨绮漂亮,53664,4
323,8980904,6857057928377321859,,伊能静姐姐加油！,53930,
324,8980904,6845099940543837970,,伊能静姐姐还好吗,54243,16
325,8980904,6845210054915723423,,昕昕加油,54675,12
326,8980904,6845117013038910591,太后驾到,姐姐们加油鸭！,54515,4
327,8980904,6845107048714739323,浪花崽,来了,54079,7
328,8980904,6856392689482003507,,白冰喜欢你,54000,
329,8980904,6856252682137784429,,希希子我可以！！！,54000,
330,8980904,6845099627011223714,,怎么没人啊，一个人好寂寞,55430,10
331,8980904,6845415577691107600,太后驾到,小花为你而来,55032,3
332,8980904,6845193128449568076,演技派,萍主子，看了吗？,55000,3
333,8980904,6848196040738654284,,为姐姐打call~,55000,
334,8980904,6846280137429183770,,张萌太可爱了叭,55000,1
335,8980904,6847336252708669483,,来了来了,55616,
336,8980904,6845099682845798841,,李斯丹妮,56000,20
337,8980904,6845250307349337180,听姐姐的,00子 爱你😘,56000,12
338,8980904,6850054713608303639,,梦辰最棒！！！！,56000,4
339,8980904,6845228463145605277,听姐姐的,我特意开个VIP,56209,11
340,8980904,6845898211756857349,,雅雅手皮肤很紧致,56000,3
341,8980904,6845295219822483105,气场强大,纪濛濛，晚上下面起飞了🦆🦆🦆🦆🦆🦆🦆🦆🦆🦆🦆🦆🦆🦆,56422,1
342,8980904,6845100683573183496,,想让王智回来,57647,130
343,8980904,6845526795869449981,,郑希怡、蓝盈莹冲啊,57000,8
344,8980904,6845203294637182208,,今天上班好累，但我还是来了,57674,2
345,8980904,6845099614126321752,,吴昕冲,57410,47
346,8980904,6845104961360625737,,阿俏一起浪吧 看到我了吗,57000,2
347,8980904,6846200220972554199,气场强大,马上就v6了好高兴,57000,1
348,8980904,6845099768745145241,,王智！,58733,20
349,8980904,6845100408695275432,,绮趣蛋冲啊,58979,12
350,8980904,6845126586521058843,最强舞担,王霏霏 孟佳,58000,8
351,8980904,6847744102803827447,,吴昕姐姐，我好喜欢你pai的快乐大本营呀,58000,1
352,8980904,6845100082277759506,听姐姐的,姐姐我来啦！！！！！！！,58000,5
353,8980904,6845605333641568763,,吴昕加油＾０＾~,58801,1
354,8980904,6845100833897039434,,伊能静赶紧淘汰吧,59000,41
355,8980904,6845154014182306910,最强舞担,金晨金晨冲冲冲,59135,22
356,8980904,6845539818210317425,,期待姐姐们的精彩表现,59974,3
357,8980904,6845100786652398991,,表白霏霏！！！！！！,59440,13
358,8980904,6845293450295952181,听姐姐的,为了姐姐们冲的会员 冲冲冲！,59000,1
359,8980904,6848750628391570897,,喜欢吴昕吴昕吴昕(/≧▽≦/),59491,
360,8980904,6845906702907218542,太后驾到,吴昕！吴昕！！！,60861,3
361,8980904,6845165026478483334,听姐姐的,来了,60068,2
362,8980904,6845099777335079873,,守着点刷新出来的~,60680,2
363,8980904,6867023072867346544,,浪里个浪，我金姐靓,60000,
364,8980904,6845101821739521117,,会员错付了,60000,1
365,8980904,6846286296412295291,,萌姐跳舞很棒啊,60830,
366,8980904,6846562772047322315,,果然女人更爱女人，张雨绮，我在法国排队爱你❤,61767,4
367,8980904,6845099901889132096,,每个人都说得对,61755,5
368,8980904,6845109870508264671,气场强大,留下花钱的痕迹,61057,2
369,8980904,6853418016603266339,,团宠李四蛋！继续slay不要停！！！q音打投搞起来啊姐妹萌 ,61297,
370,8980904,6845441038257267398,,会员快到期了，还要不要续费？,61099,1
371,8980904,6845099773040112541,,来了,61023,2
372,8980904,6845100138112334623,,啊啊啊万茜跳舞了！！！,62861,101
373,8980904,6845814597333344299,,蓝盈莹加油,62019,5
374,8980904,6846202922506986378,,金晨金晨冲冲冲,62000,3
375,8980904,6845235335093299067,气场强大,黄圣依冲呀,62000,4
376,8980904,6852662561919289244,,团宠李四蛋！继续slay不要停！！！q音打投搞起来啊姐妹萌  ,62000,
377,8980904,6845450770653175104,,这是录播节目，现场人选着玩，没我们大众什么事，大家散了吧,62107,2
378,8980904,6845099940543837976,,万茜，这劲，哇哇哇哇,63983,96
379,8980904,6845393514444095586,,万茜！！！,63260,21
380,8980904,6845499067560524459,,万茜✌️,63000,9
381,8980904,6845256449152588982,听姐姐的,琪琪子 茜茜子冲呐 你们俩一定要站C位出道,63000,7
382,8980904,6846363068952829118,,茜茜子c位出道,63591,5
383,8980904,6845109995062316778,最强舞担,加霏猫,63000,9
384,8980904,6845099803104883782,,万海王，妹我来了,64855,46
385,8980904,6845100816717170173,,文案满分,64460,18
386,8980904,6847924341107067049,,遇到任何事，笑总比哭更能解决问题,64000,1
387,8980904,6845101065825274326,,金莎,64099,5
388,8980904,6845530021389895942,,伊能静加油,64211,2
389,8980904,6845864260040296627,,不需要快退这个快捷方式，谁设置的,64355,
390,8980904,6846748125656205798,,芒果的文案是真的好,65050,35
391,8980904,6845100507479523650,,看小花🌸,65495,9
392,8980904,6853050032394640006,,沈梦辰，我来了！,65544,
393,8980904,6845101280573639971,,盈莹,65941,8
394,8980904,6845196452754262942,,来了来了,65803,2
395,8980904,6850827167772713135,,文采判为一类上,65977,
396,8980904,6845516719876152190,,万茜加油加油加油,66451,14
397,8980904,6845419975737622547,,百万文案，，，，。，，，，,66650,5
398,8980904,6845100666393314241,,王智 ❤,66006,13
399,8980904,6845200197965754082,,郑希怡好美,66035,8
400,8980904,6852307995188780366,,我的孟佳啊！！！！！,66000,
401,8980904,6845100400105340807,,哈哈 大伙是不是都在等啊,66098,1
402,8980904,6845101761609978777,,啊 万茜跳舞 啊,67822,66
403,8980904,6847492271690961837,,万茜万茜万茜，我爱你,67828,4
404,8980904,6845490421791335020,,万茜那一下迷倒我了,67000,11
405,8980904,6845100236896582861,,茜茜子加油💪,67732,51
406,8980904,6845964977023596714,,给黄龄龄子打call,67000,3
407,8980904,6845100516069458265,浪花崽,我可是卡着点来的,67942,4
408,8980904,6845119375270934868,听姐姐的,文案绝了！又倒回去再看了一遍,68814,25
409,8980904,6845118378838517408,实力唱将,张含韵冲啊,68510,24
410,8980904,6845256633836183272,,王智，快回来,68521,23
411,8980904,6849362197375588731,,王智好可惜，长得漂亮，有气质，唱歌也还好听的啊，跳舞可以练习的啊。复活回来吧,68334,5
412,8980904,6845103135999518331,跟班小弟,霏霏加油呀！！冲冲冲,68000,9
413,8980904,6845672223462372953,,伊能静加油💪继续做自己,68000,1
414,8980904,6845101628465992182,,王霏霏加油,69175,21
415,8980904,6847442145127558707,,万茜跳舞了！！！,69684,4
416,8980904,6845861335167558499,,太喜欢芒果的文案了，也喜欢后期,69418,3
417,8980904,6845101177494424443,,我的郁可唯,69000,7
418,8980904,6853418072437841306,,张小花我心中的实力大Vocal！q音疯狂循环你的嗓音啊啊啊啊啊,69150,
419,8980904,6845226912662406826,,不是晓明哥配音,69060,2
420,8980904,6845099884709262824,,第一。我爱万茜,70000,24
421,8980904,6845099781630047179,,我来pick宁静静静子还有朵朵子,70866,22
422,8980904,6845105493936572290,听姐姐的,茜子加油,70041,10
423,8980904,6845829625423934391,,王智，万茜,70229,5
424,8980904,6846227889151932981,,加油＾０＾~,70128,1
425,8980904,6845930140543795894,,加油！我真的有被这个综艺激励到！！,70380,
426,8980904,6845646088586328062,,每一次会员都是因为吴昕   冲啊  ,71070,9
427,8980904,6847399517577079787,,为什么宁静涂这个shai的口红都可以好看。。哭了,71825,3
428,8980904,6845101014285666563,听姐姐的,茜茜子,71852,11
429,8980904,6845142765662924604,浪花崽,昕昕子冲呀,71150,10
430,8980904,6845412738717722634,,加油！姐姐们！,71000,1
431,8980904,6846283375834529562,,萌萌子冲鸭 你最棒,71000,
432,8980904,6845206649006648925,,这个文案棒且伤害了平庸的我的小心灵,72188,88
433,8980904,6845807304478866795,,万茜万茜万茜，加油加油加油,72092,7
434,8980904,6850693697368772662,,成功的反义词不是失败，也不是暂停，而是甘愿平庸,72025,4
435,8980904,6845099717205537411,,清晰度不行啊,72979,35
436,8980904,6845299695178417241,,秋雅回来吧，大家支持下,72000,7
437,8980904,6848207555546001902,,蓝盈盈有时候张嘴笑好像朱丹,72000,2
438,8980904,6845148538098988528,听姐姐的,听说黄圣依和伊能静一组哦,73589,8
439,8980904,6845102989970629736,,万茜冲鸭！！！,73670,20
440,8980904,6845440570105831454,,JOJO 我爱你,73611,5
441,8980904,6852662664998504501,,张小花我心中的实力大Vocal！q音疯狂循环你的嗓音啊啊啊啊啊  ,73000,
442,8980904,6845256994613437205,听姐姐的,静静子 我来了,73189,5
443,8980904,6845278907536644623,拎包妹,可可爱爱陆陆加油,73508,2
444,8980904,6845100009263315082,,上班六天就为这一刻,74855,16
445,8980904,6845553918587976165,,梦辰姐姐加油,74478,15
446,8980904,6845902566853704592,,含韵姐姐加油,74623,5
447,8980904,6846417228490508066,,为张含韵，加油。,74000,1
448,8980904,6856946980781952940,,你们看的张含韵的专访了吗,74432,
449,8980904,6845100125227432688,,像素不高,74000,2
450,8980904,6845583364883809437,,文案泪目，希望大家都不平庸😭,75083,25
451,8980904,6845110338659701948,实力唱将,郁可唯,75876,14
452,8980904,6845100146702269253,,每个姐姐都有自己的美,75936,10
453,8980904,6845419649320107758,,我们应该可以接受现实中生活在不同阶段进行着讨论通过自己动手创造更多优惠商品尺寸,75000,1
454,8980904,6845216514546554193,气场强大,来看宁静啦～,75928,8
455,8980904,6846122559373859275,,有没有人认识湖南侗族的粟年月，谢谢,75000,
456,8980904,6845100567609066050,,我的万茜啊,76332,21
457,8980904,6846608457614520562,,芒果的文案真的绝了,76244,14
458,8980904,6845101594106253697,,我爱万茜,76000,16
459,8980904,6845233982178596891,,含韵发光发亮吧,76000,15
460,8980904,6848527706703741243,,张萌走吗？？？？这期走吗？？？？？？？？？？？？？？？,76302,
461,8980904,6845579035556767217,,万茜跳舞绝对有天分,76000,12
462,8980904,6845787569104124062,,支持张含韵,77832,22
463,8980904,6845101722955273006,,万茜冲鸭,77341,36
464,8980904,6845116751045904230,气场强大,静静子跳起来！期待呢,77277,14
465,8980904,6845419361557298646,,文案怎么写的这么好,77000,11
466,8980904,6847160661560580278,,黄女士真的有这么高的人气吗？,77000,2
467,8980904,6845211845917090652,,蓝盈莹加油冲冲冲,77000,4
468,8980904,6845101289163574580,,昕昕子,78923,32
469,8980904,6845099764450177918,,金框眼镜希希子,78000,13
470,8980904,6845823857282847149,,静静子，我来啦爱你,78048,5
471,8980904,6857592819310379841,,黄到底哪里好看啊？！？！？！？！！！？？？,78000,1
472,8980904,6845160035726472207,听姐姐的,留下花钱的痕迹,78989,9
473,8980904,6845625455563390114,,那个鸳鸯火锅是哪个品牌？,78652,
474,8980904,6845621920805298372,,文案太强了,79893,72
475,8980904,6845528788734279531,,这句话真的：成功反义词是甘愿平庸,79000,15
476,8980904,6849931795939052295,,看了几期了，觉得阿朵很有魅力，唱的好听，专业，有学识，会说话,79000,
477,8980904,6845099833169655023,,文案点赞,79894,57
478,8980904,6845966007815749688,,金晨冲鸭！！！,79095,4
479,8980904,6847433778531251557,,甘愿平庸不是成功的反义词吧，甘愿平庸也是一种选择,79000,
480,8980904,6845100700753052751,,来看静静子静香,80451,24
481,8980904,6845787947061246340,,我咋感觉，靠人气的时候来了勒？,80336,7
482,8980904,6845100266961354058,,去哪里？去明天。👍👍,80892,9
483,8980904,6852610378066570063,,现在是7月23号5：47马上就要公布成绩，我很害怕,80693,1
484,8980904,6845099498162204128,,我是第一个吗哈哈哈哈哈,80691,5
485,8980904,6845999182143208212,,啦啦啦啦啦啦啦来啦来啦,80000,
486,8980904,6845100468824817832,,这文案也太棒了吧,81420,45
487,8980904,6845101121659849385,,金晨啊啊啊,81113,28
488,8980904,6845197449186678009,,昕昕子，冲鸭,81378,14
489,8980904,6845849373683601641,,张萌长了一张介于郑欣怡和金晨之间的过渡脸~,81067,3
490,8980904,6845104561928665695,浪花崽,来看万茜～加油！,81050,7
491,8980904,6845406364986251150,,我来了，啊啊啊啊啊啊,81180,
492,8980904,6845639388437331044,,这文案真的可以,82414,84
493,8980904,6845196555833478299,,想看茜茜子跳舞！！,82569,8
494,8980904,6845100168177105831,,南京邮电大学于婷,82685,7
495,8980904,6845801622237128176,,黄龄冲冲冲,82996,6
496,8980904,6850306166763859923,,万茜，郑希怡冲啊！！！！！！！！！！,82503,
497,8980904,6846183625218905003,,00字冲鸭,82546,2
498,8980904,6845102246941284926,,百万文案来了,83117,83
499,8980904,6845102238351350295,,百万文案,83257,79
500,8980904,6845103870438928515,太后驾到,我绮最美,83043,11
501,8980904,6846283513273483244,,来看萌萌的海豚音,83000,
502,8980904,6845102199696644485,,王霏霏加油 孟佳加油,83000,9
503,8980904,6845811341748129908,,坤，加油(ง •̀_•́)ง,83190,
504,8980904,6845101946293573110,,吴梦知不愧是你,84000,30
505,8980904,6845214955473421425,,金晨我来啦啦啦,84541,26
506,8980904,6845579765701208815,,吴昕 钟丽缇 郑希怡冲冲冲！,84197,6
507,8980904,6846772293437213947,浪花崽,那些有窟窿的衣服是不是都是黄玲剪的。哈哈哈。,84114,3
508,8980904,6845250839925283486,气场强大,来看静静子,84000,8
509,8980904,6847729263691732791,,芒果每次的这种词都好好啊啊啊啊啊,84710,2
510,8980904,6851094134350230414,,这写文案的哈佛大学毕业的吧 ,85150,28
511,8980904,6845099979198543847,,茜山万海,85186,19
512,8980904,6847889362893327787,,终于考完期末了啊啊啊啊啊又可以看见姐姐们了,85334,
513,8980904,6845100674983248872,,浴室歌姬冲丫,85909,14
514,8980904,6846235809071647704,,芒果的文案从来不会让人失望,85196,10
515,8980904,6847703163175294554,,这句话好像《你还在我身旁》....,85385,
516,8980904,6845100262666386754,,文案想哭,86780,64
517,8980904,6845100146702269266,,来看我含韵……,86649,39
518,8980904,6845315032506659462,听姐姐的,妹妹们我来了,86708,5
519,8980904,6847425948805857789,,张雨绮 我来啦 啊啊啊,86000,1
520,8980904,6845147030565463002,跟班小弟,为姐姐们打卡,86117,5
521,8980904,6846028271956758166,,王霏霏，郑希怡冲鸭,86790,
522,8980904,6845101392242790066,,芒果的文案好好哇,87000,21
523,8980904,6845100150997236573,,文案太爱了,87115,90
524,8980904,6845189817029775247,拎包妹,这文案厉害啦～,87000,16
525,8980904,6845934856417895030,,金晨，为金晨而来……出道出道,87000,5
526,8980904,6845101125954816691,,郁可唯啊啊啊啊啊,87778,13
527,8980904,6853633185875061618,,李斯丹妮冲冲冲！！！,87414,
528,8980904,6845216879618775362,,文案还是一如既往的优秀,88112,73
529,8980904,6845335837328260321,,换旁白了？,88000,7
530,8980904,6845106992880164257,,文案好评,88000,68
531,8980904,6845656306313546494,,静静子冲啊,88191,4
532,8980904,6845949532321171555,,张雨绮的性格真的很棒,88000,3
533,8980904,6856590915107775092,,文案真的太棒了，就是有点扎心,88156,
534,8980904,6845118129730413067,拎包妹,这文案绝了,89191,43
535,8980904,6845441609487918617,听姐姐的,金晨姐姐我来啦,89247,8
536,8980904,6845830003381056974,,这文案我已经疲疲了,89000,6
537,8980904,6845100138112334629,听姐姐的,晨晨子、加油💪、我pick你,89000,8
538,8980904,6846352937124960405,,我每次都觉得开头最好看，开头和中间仿佛不是一个节目,89000,
539,8980904,6845181995894310944,听姐姐的,来啦来啦,89134,5
540,8980904,6845100438760046641,,文案也太强了吧,90038,359
541,8980904,6847400063037927187,,百万文案不是浪得虚名,90614,26
542,8980904,6845100077982792187,,想看大碗宽面7人原地成团出道,90837,54
543,8980904,6845431387465740334,,茜茜子冲鸭,90000,17
544,8980904,6845962563251971984,,妈呀 我的座右铭就是想当个平凡人 我是不是与成功无缘了…枯了,90000,1
545,8980904,6845102264121154164,,为姐姐们留下jio印,90000,14
546,8980904,6845503036110315611,,文案太好了,91251,98
547,8980904,6845605642879214663,,吴昕给我出道！,91466,30
548,8980904,6845193828529238902,,宁静好棒,91948,22
549,8980904,6845396658360157519,,以前看万茜觉得很酷，这次才发现也有憨憨的一面,91466,9
550,8980904,6845100559019131427,,李斯丹妮！！！！！！,91743,21
551,8980904,6845793165446514813,,昕昕，你是最棒的，动起来吧😘,91000,1
552,8980904,6845102178221807926,,我爱我的李斯！,92888,33
553,8980904,6845102663553114157,,文案每次都好感动,92000,15
554,8980904,6849569150374929076,,这文案我头皮发麻,92595,9
555,8980904,6846192451376707102,,所有的姐姐我都喜欢😂,92240,3
556,8980904,6853418248531500867,,女团门面 金晨！！为仙女姐姐q音打榜冲！！,92605,
557,8980904,6845101130249784011,,文案爱了爱了,92000,7
558,8980904,6845613086057552908,,你的文案棒棒棒,93000,38
559,8980904,6845100412990242756,,百万文案,93683,115
560,8980904,6845099785925014497,,希望王霏霏C位出道,93015,37
561,8980904,6845430266479274664,,金晨啊啊啊啊,93572,18
562,8980904,6846244149898154545,,用力用错方向就会变成可笑。,93085,1
563,8980904,6845206163675343278,, 妈妈呀，太太太酷了,93000,3
564,8980904,6845469745818722499,,不得不说，芒果的文案确实很棒,94553,51
565,8980904,6845099910479066739,,百万文案,94057,63
566,8980904,6845100593378869908,,期待万海王跳舞💃🏻跳舞,94557,12
567,8980904,6845882749874558123,,昕昕子加油💪🏻,94000,2
568,8980904,6847120933113031013,,韵韵子冲鸭！辰辰子冲鸭！唯唯子冲鸭！,94289,
569,8980904,6845284830296560733,,文月和罗静萍再看,94521,2
570,8980904,6845100206831811650,,百万文案,95000,122
571,8980904,6848236026884284670,,芒果的文案真的太赞了,95000,25
572,8980904,6845561967356703106,,文案好棒,95000,28
573,8980904,6845925983015446119,,这个文案还真是“高高在上”的感觉呢,95353,18
574,8980904,6849979036284435370,,这文案听了起一身鸡皮疙瘩,95000,5
575,8980904,6845203436371103312,浪花崽,文案很棒,95319,21
576,8980904,6845100378630504239,,百万文案来了,96036,179
577,8980904,6845100528954360224,,让许飞来写文案吧,96978,67
578,8980904,6845100520364425582,,百万文案,96084,151
579,8980904,6845285315627866506,,文案好厉害,96885,53
580,8980904,6845945181519292783,,文案和声音都好好,96614,32
581,8980904,6846723000097486101,,花心的我pick好多姐姐啊，嗷嗷,96000,6
582,8980904,6845368449014949672,,百万文案,97000,50
583,8980904,6845099592651485145,,我爱JDC啊,97274,28
584,8980904,6845235343683233676,浪花崽,这个文案强啊,97919,21
585,8980904,6845481621403323072,,00子冲啊！！！！！！,97326,1
586,8980904,6845148731372517398,拎包妹,晨晨子冲啊！！！,97649,4
587,8980904,6845930093299155546,,加油鸭！！！！！！,97998,
588,8980904,6845101533976711354,,文案绝了,98850,206
589,8980904,6845099970608609188,,文案写的太棒了,98000,53
590,8980904,6845378112691367743,,文案比黄晓明念的好听,98000,16
591,8980904,6845839602632979149,,王丽坤加油(ง •̀_•́)ง,98114,6
592,8980904,6855644699451248143,,去哪里？去明天。太绝了吧这个文案,98000,
593,8980904,6846287610672289855,,特意为了张萌开会员呀😄,98140,
594,8980904,6845100653508412308,,这文案真的瑞思拜,99007,239
595,8980904,6845576991152330611,,姐姐们只是去做女团啊说得抗震救灾一样,99926,48
596,8980904,6845100709342987364,,旁白变了声音好好听,99000,109
597,8980904,6845787277046347746,,张小花，我心中的No1！,99301,1
598,8980904,6846670704575620543,,没办法，投票的是观众，大家都会带点自己的喜好，所以拼实力也拼人气,99000,
599,8980904,6845443675367190993,最强舞担,最强舞当，金晨,99242,3
600,8980904,6845100215421746294,,千万文案,100062,127
601,8980904,6846659580610311183,,文案厉害(ง •̀_•́)ง,100875,25
602,8980904,6845100919796385698,,旁白声音好听 ,100000,28
603,8980904,6852662995710986800,,莎莎子三公加油呀！！！q音投票姐妹们冲冲冲榜一啊！  ,100000,
604,8980904,6845421405961733430,,专门为看芒果综艺充VIP,100000,13
605,8980904,6848582677990272379,,文案，这么多赞有没有压力😁️😁️再给点压力,100164,
606,8980904,6845099906184099400,,百万文案，跪下了,101000,161
607,8980904,6845304544196505221,,孟佳王霏霏,101246,22
608,8980904,6845099695730700813,,百万文案,101311,114
609,8980904,6845410054363160697,,非会员什么时候能看？,101892,1
610,8980904,6845103994992980551,演技派,万茜加油呀,101056,18
611,8980904,6845204845120380019,最强舞担,吴昕你要加油嗷,101370,4
612,8980904,6845100735112791260,,文案写的太好了＼(^▽^)／！,102502,81
613,8980904,6845100112342530727,,百万文案,102545,147
614,8980904,6845102435919846623,,文案彰显节目档次啊,102000,52
615,8980904,6846628102794961014,,吴昕吴昕吴昕吴昕吴昕吴昕吴昕加油！,102296,5
616,8980904,6845561829917749402,,张含韵太优秀了啊啊,102712,22
617,8980904,6849787768505655563,,乘风破浪姐姐，比创造101都还好看。,102808,
618,8980904,6845101817444553808,,文案绝了,103380,106
619,8980904,6845102049372788595,,新旁白声音好听！,103000,95
620,8980904,6845101649940828726,听姐姐的,文案真是绝了,103026,60
621,8980904,6845107430966830224,最强舞担,百万文案又来了！！！,103510,15
622,8980904,6845100288436190652,,这期旁白好像不是晓明了,103973,43
623,8980904,6845390847269403838,,这文案写的说的真的是很让人热血沸腾。,103639,7
624,8980904,6845483519778872663,最强舞担,加油,104176,2
625,8980904,6845294962124444639,,这文案，真的绝了,104644,84
626,8980904,6845444272367646024,,芒果台就是牛，文案绝了,104000,23
627,8980904,6845605574159737791,,喜欢李斯丹妮和宁静。,104770,17
628,8980904,6855295759127627307,,姐姐们，太棒啦，爱你们！,104961,
629,8980904,6847469851961635253,,张含韵好美！喜爱度最低？？,104813,
630,8980904,6845440763379360061,,芒果台的文案真的太牛了,105010,99
631,8980904,6845100627738608430,,芒果的文案真的牛,105000,54
632,8980904,6845100825307104799,,文案不错,105872,52
633,8980904,6845560648801740948,,旁白声音好好听啊,105000,28
634,8980904,6845953092849066525,,金晨，晨晨子加油！,105953,7
635,8980904,6846172161951182081,,王丽坤冲鸭，低调的姐姐,105012,3
636,8980904,6845237581361201453,,文案有那味儿了,106808,85
637,8980904,6845099979198543855,,打卡，淘汰伊能静,106000,79
638,8980904,6845587900369282094,,每期文案都好棒呀,106296,65
639,8980904,6858131086087599555,,宝藏女孩张含韵冲呀,106583,3
640,8980904,6845100026443184370,,文案好评,106868,68
641,8980904,6845441613782885917,,佳佳子 一定要回来 你的舞台怎么看都不够啊,106000,3
642,8980904,6845100258371419438,,张雨绮冲啊！！giaogiaogiao！哦豁！,107033,24
643,8980904,6845100193946909720,,这文案不得不服,107598,93
644,8980904,6845100339975798422,,百万文案我来了,107130,23
645,8980904,6845417128174302742,,来看蓝盈莹,107216,16
646,8980904,6845277322693708235,,什么时候能像你这么有文采,107988,7
647,8980904,6846183204312109599,,人气很重要，观众说好才行,107000,
648,8980904,6845100095162661472,,文案好评,108000,61
649,8980904,6845144651153573622,听姐姐的,是金子，到哪儿都会发光！,108861,9
650,8980904,6845100090867694155,,万茜万茜只为等你,108000,24
651,8980904,6846720161124099330,,要是芒果的预告剪辑跟文案一样好就好了,108378,4
652,8980904,6845100305616059904,,真没的文案,108745,5
653,8980904,6845252527847435756,,来了来了。烧烤吃起，啤酒喝起,108111,3
654,8980904,6845930312342488063,,我开始学新的东西了。30岁以上的姐姐们都在挑战自己，我没有理由待在舒适区,109910,13
655,8980904,6845100219716713604,,文案优秀,109000,39
656,8980904,6845100430170112001,,好会讲,109000,22
657,8980904,6845399299765045680,,去哪里？去明天！,109000,12
658,8980904,6845283924058459059,,李斯丹妮我来了啊啊啊啊啊,109000,11
659,8980904,6845099854644491585,,王霏霏i,109113,12
660,8980904,6845099760155210607,,百万文案来了,110786,126
661,8980904,6845232693688404206,太后驾到,文案我爱了 毓,110000,16
662,8980904,6845100228306648232,,万茜我来了,110000,34
663,8980904,6845444349677057471,,激动人心，振奋人心！,110000,2
664,8980904,6845101877574096160,,琦琦子加油,110828,14
665,8980904,6845100292731157953,,要变成最好的自己,110193,5
666,8980904,6845192604463556820,听姐姐的,给文案点赞,111173,14
667,8980904,6846228524807094793,,子弹飞在路上，去哪里，去明天,111180,4
668,8980904,6845100687868150808,,大家都这么快的吗？,111149,5
669,8980904,6845211210261929150,太后驾到,哈哈哈我来了,111447,3
670,8980904,6853418330135879682,,孟leader好棒！！不断突破自己的样子so,111303,
671,8980904,6845197900158245166,跟班小弟,黄春瑶你这个笨蛋！！！！！！！！,111000,2
672,8980904,6845421783918855874,,成功的反义词是甘于平庸，也太可了,112177,53
673,8980904,6845099764450177923,,伊伊子，不要怕惊涛骇浪。我们爱你！,112703,20
674,8980904,6845946534433993382,,好喜欢看这个片头,112000,12
675,8980904,6847319416436826025,,金晨，张含韵冲啊！,112572,11
676,8980904,6845099511047106082,,来看静静子啦,112000,15
677,8980904,6845647866702792517,,这个综艺看得上头啊，大爱姐姐们,112985,6
678,8980904,6845101435192463213,,昕昕子勇敢飞，夹心糖永相随,113061,28
679,8980904,6845100430170112007,,百万文案,113000,20
680,8980904,6845117373816165302,听姐姐的,芒果文案，真的是爱了,113448,8
681,8980904,6845101387947822757,,霏霏冲啊,113000,17
682,8980904,6846652979245569770,,这是小明自己写的稿嘛？是的话我就夸他,113446,
683,8980904,6845263604568125803,听姐姐的,冲鸭 姐姐们,113671,1
684,8980904,6845624368936661942,,文案我为你打call,114000,40
685,8980904,6845101710070371068,,这个文案绝了,114947,59
686,8980904,6848915945978035597,,我好爱姐姐们，除了那个黄圣,114000,7
687,8980904,6845229605606909361,听姐姐的,非和佳,114000,11
688,8980904,6845517115013144272,,万茜我来了啊啊啊,114640,8
689,8980904,6845926459756816813,,就喜欢你们没有见过市面的样子,114000,
690,8980904,6846516648393502039,,努力永远是对的，蓝盈莹加油！,115381,6
691,8980904,6845100090867694148,,吴梦知的百万文案,115411,52
692,8980904,6849945376625676838,,球乘风破浪的哥哥要有胡歌,115101,3
693,8980904,6856702472588532682,,乘风破浪的姐姐来了,115627,
694,8980904,6845100004968347772,,哈哈第二,115000,3
695,8980904,6849124758698237548,,孟佳，李斯丹妮冲啊！！,115320,
696,8980904,6845421332947289345,,我要让文案出道,116000,37
697,8980904,6851363884066518244,,这个文案可以去出诗集了,116000,8
698,8980904,6845195009645248141,,佳佳子冲呀,116216,9
699,8980904,6845525949760890914,,所有的小姐姐加油,116000,3
700,8980904,6846589512513738492,,一开始的文案本来就不是小明，后面的旁白才是小明,116829,
701,8980904,6845100322795929163,,小雨,116091,6
702,8980904,6845227522547764670,,大爱雨绮,117394,19
703,8980904,6845100060802922914,,来了来了，郑希怡 白冰给我冲,117812,14
704,8980904,6845549722404920392,,旁白的配音大大是谁啊好好听,117000,1
705,8980904,6845099798809916471,,来了来了，乘风破浪,117989,4
706,8980904,6845942729092962380,,哈哈，抗震救灾那个绝了，真的像,117000,
707,8980904,6845100086572726829,,来了来了,117226,1
708,8980904,6845631691855918663,,支持蓝盈莹,118107,18
709,8980904,6845100550429196809,,表白佳佳子！,118122,14
710,8980904,6845101306343443823,,团粉在此，表白29个小姐姐💖,118000,7
711,8980904,6845101263393770697,,阿朵冲呀,118470,13
712,8980904,6856400012401258074,,这次的文案终于没有变形计的味道了,118706,
713,8980904,6845173174031464067,实力唱将,00子加油 ，等的就是你,118839,4
714,8980904,6846552197837830666,,这文案可以做成歌词了,119742,25
715,8980904,6848441592609237438,,这节目所有细节都很棒,119000,6
716,8980904,6845397586073093865,,文案优秀,119145,8
717,8980904,6847346663709431666,,倒回去再看了一遍文案,119414,3
718,8980904,6845100297026125277,,万茜 给我冲,119000,6
719,8980904,6845100013558282409,,会员这么爽,119149,3
720,8980904,6845777205348033098,,所以到底应该看哪跟版本的 ,120000,6
721,8980904,6852247719617627701,,她来了她来了  茜茜子又要开始散发魅力了,120124,1
722,8980904,6845492040994009891,演技派,静静子冲呀,120930,3
723,8980904,6845341291936728997,最强舞担,孟佳佳孟佳佳子,120406,3
724,8980904,6845851276354119125,听姐姐的,昕昕子，冲啊!!！,120707,1
725,8980904,6862737374100553605,,沈梦辰加油＾０＾~喔,120392,
726,8980904,6845100099457628783,,吴昕，我来啦,121243,24
727,8980904,6845462126546725441,,含韵，含韵，小花🌸校花,121733,8
728,8980904,6846212298420605538,,文案的确绝了,121099,3
729,8980904,6848074841056232147,,芒果的后期+文案，真的是绝了,121000,1
730,8980904,6845169321445790290,浪花崽,我爱白冰,121000,3
731,8980904,6845668830438204343,,不希望阿朵被淘汰，拜托🙏,121000,1
732,8980904,6845236825446955186,,百万文案，抓心😎,122079,39
733,8980904,6845101349293116958,,文案真的赞,122720,33
734,8980904,6845128205723736701,气场强大,宁静姐姐，加油,122353,25
735,8980904,6845125963750798094,太后驾到,王丽坤，我来啦！！！！！！！！,122000,17
736,8980904,6845143813634948221,拎包妹,啊AA啊啊啊啊啊啊我来了  冲冲冲！,122000,6
737,8980904,6853007980369716180,,没有人觉得这个配音很好听吗？,122744,3
738,8980904,6845100606263771846,,我追我爱豆的综艺都没这么准时过,123241,22
739,8980904,6845983041656077566,,文案谁写的 pick他她它,123000,16
740,8980904,6845101542566645993,,李斯丹妮我来了！！！,123373,12
741,8980904,6846182341023682273,,吴昕才该淘汰。尴舞,123746,8
742,8980904,6851797954936790134,,看完文案可以了溜了溜了,123754,
743,8980904,6845213417875125174,,百万文案,123565,7
744,8980904,6846567032654883863,,给文案一个大大的赞👍,124912,24
745,8980904,6845331125749133701,听姐姐的,文案真实而扎心,124451,12
746,8980904,6845133617382551875,听姐姐的,为了姐姐开的会员，留个纪念。,124929,6
747,8980904,6847760844586425390,,梦辰加油(ง •̀_•́)ง,124596,2
748,8980904,6845614043835261815,,又看了一遍孝庄秘史……,124000,3
749,8980904,6845989170574421189,气场强大,郑希怡!!!!!!!!!!!!!!!!!!!!!!!!!!!!!!!!!!!!!,124323,2
750,8980904,6845438126269436643,,吴昕加油,125000,8
751,8980904,6846541563498797925,,佳佳子给我冲！！！！！！,125114,5
752,8980904,6845100142407301946,,股票大涨,125000,8
753,8980904,6845473044353612795,气场强大,静姐我来了哈哈哈,125000,3
754,8980904,6847355051780585297,,姐姐们，加油💪,125000,1
755,8980904,6856948402416129363,,好喜欢 霏霏,125000,
756,8980904,6845566803489886752,,我太爱这个文案了，文案君，为您打call,126619,9
757,8980904,6845100610558739168,,不舍得宽面组,126728,35
758,8980904,6845290744466547296,, 超爱雨琦那股劲儿,126000,5
759,8980904,6845100709342987370,,你们都第一 那我就第二吧,126157,5
760,8980904,6848535575083842383,,弱弱问一句成团位一共有多少个位置？,126904,
761,8980904,6845456530204328874,,静静子冲冲冲，沈梦辰冲鸭,126552,3
762,8980904,6845100481709719775,,茜茜子加油！！！走花路,127194,12
763,8980904,6845113310777084076,浪花崽,都是VIP嚣张点,127497,4
764,8980904,6846067227310171326,浪花崽,王霏霏我爱你！！！,127000,2
765,8980904,6845099850349524282,,孟佳,127362,8
766,8980904,6849163404813997972,,为了文案，看很多遍片头！帅,127000,
767,8980904,6845508533668467379,,赞助商真的多啊,127445,2
768,8980904,6845101864689194230,,郁可唯给我冲,128000,11
769,8980904,6845429703838558215,气场强大,请记住我倾依陌，为含韵打Cαll，，我支持你喜欢😍你！！加油,128035,5
770,8980904,6845102307070827281,,金晨看好你哦,128054,10
771,8980904,6845101207559195636,,给开头编语加分,128314,8
772,8980904,6845201361901894137,听姐姐的,果然会员就是爽。,128350,3
773,8980904,6845109986472382144,太后驾到,冲鸭🦆含韵,128000,5
774,8980904,6845471841762767177,,芒果台的文案绝了,129013,33
775,8980904,6845101237623966830,,文案写的太好了,129845,37
776,8980904,6845585323388899968,,吴梦知的文案可不止是百万,129552,18
777,8980904,6845101624171024873,,郁可唯我来啦,129000,8
778,8980904,6845194623098190606,,会员就是爽，现在还没什么人呢 姐姐们被我承包啦～,129000,
779,8980904,6845101147429653263,,吃了一个午饭就错过了5分钟,129098,1
780,8980904,6845101770199913396,,金晨 你是宝藏！会让更多的人发现的！！！,130717,31
781,8980904,6845952268215344167,,回看文案记下来,130199,7
782,8980904,6845100537544294850,,吴昕吴昕,130976,31
783,8980904,6845305467614475638,,好厉害的霏霏霏霏,130588,4
784,8980904,6846371134901424490,,成功的反义词是甘于平庸，去哪里，去明天,130000,2
785,8980904,6854317039158690772,,啥时候能出个哥哥系列啊，好想看，张晋跳舞很棒,130000,
786,8980904,6845195782739363206,听姐姐的,含韵你是宝藏,131424,12
787,8980904,6845100352860700362,,来看孟佳姐姐！！！！,131468,12
788,8980904,6845862374549647557,,昕昕子，加油＾０＾~,131223,2
789,8980904,6845100919796385700,,想要两百分钟,131571,11
790,8980904,6846565606725740224,,先看最长的版本，剩下的加更加长是补充,131000,
791,8980904,6845194764832111717,,阿朵～～～～～,131000,2
792,8980904,6845101645645861410,,来看宁静姐姐,132764,24
793,8980904,6845467143068536420,,太会写文案了！,132000,7
794,8980904,6845849154640268912,,文案小哥和旁白小哥单身吗,132000,6
795,8980904,6845103668575464927,,茜茜子冲呀！,132447,12
796,8980904,6850051642706681471,,郑希怡，白冰，爱你爱你，马上出道吧,132000,
797,8980904,6845270983321962076,听姐姐的,吴昕给我冲啊啊啊啊,132106,4
798,8980904,6845580135068396973,,佳霏猫冲冲冲！,133251,5
799,8980904,6845159095128631805,拎包妹,啊蓝盈莹子！啊黄圣依子！,133378,4
800,8980904,6845283816684276372,,昕姐加油＾０＾~pick你,133401,1
801,8980904,6845100709342987369,,打卡,133012,3
802,8980904,6845179122561183223,听姐姐的,打卡打卡,133000,2
803,8980904,6845454661893551759,,喜欢伊能静姐姐，加油(ง •̀_•́)ง,133538,
804,8980904,6845100541839262172,,芒果百万文案,134108,65
805,8980904,6845978102443677537,,郑希怡冲！,134932,4
806,8980904,6846202858082476854,,别再夸文案了   一口一个文案不错 ,134242,2
807,8980904,6845115625764467263,浪花崽,晨晨子加油,134000,4
808,8980904,6845228733728545732,太后驾到,我来了💜💛💛,134327,2
809,8980904,6845100833897039433,,李四🥚加油加油冲冲冲,134000,2
810,8980904,6845100404400308129,,小雨我来啦,135489,11
811,8980904,6845522247499074023,,来看金晨的，比以前镜头多一点没？,135000,3
812,8980904,6845099953428739922,,支持吴昕！！！,135000,11
813,8980904,6853665037352608053,,昕昕子加油！我看好你(✪▽✪)！,135857,
814,8980904,6846739402577614477,浪花崽,芒果的百万文案从来不会让人失望  爱了爱了💕,135366,
815,8980904,6845140643949073369,跟班小弟,日常看赞助,135287,3
816,8980904,6845374874286025880,,伊能静加油,136277,8
817,8980904,6845103629920759125,浪花崽,小花张含韵 万茜 金莎 我来了,136000,8
818,8980904,6845510393389310661,,张含韵加油,136000,7
819,8980904,6845526508106640561,气场强大,金晨张含韵加油鸭,136585,1
820,8980904,6846309433401150609,,00子加油！！！,136000,
821,8980904,6845209548109581163,,王霏霏,136425,5
822,8980904,6845156664177135832,气场强大,宁静姐姐,137392,11
823,8980904,6845100859666843305,,绮绮子,137867,18
824,8980904,6845101671415665284,,看姐姐下饭 饭菜更香了,137000,7
825,8980904,6845640861611116882,听姐姐的,万茜，黄龄加油(ง •̀_•́)ง,137041,1
826,8980904,6845262041200025186,,猪猪子选唱跳。。。冲啊冲啊冲啊🤪🤪🤪,137000,
827,8980904,6845100447349981260,,等郁可唯,137000,6
828,8980904,6845263518668779610,,蓝盈莹很不错,138344,14
829,8980904,6845100206831811657,,昕姐冲啊,138842,42
830,8980904,6852831431443536035,,美背仙女张含韵加油冲冲冲(●—●),138386,
831,8980904,6845105124569383531,,孟佳,138000,14
832,8980904,6845168118854944467,最强舞担,霏霏姐冲啊,138411,4
833,8980904,6845431370285871128,,这怎么可能是小明的声音啊，啥耳朵,138862,
834,8980904,6845202160765813163,听姐姐的,30+、40+、50+不管多大都很棒！,139702,7
835,8980904,6845101890458998108,,喜欢张含韵,139218,58
836,8980904,6850384988003944707,,可爱的雨琦加油＾０＾~加油＾０＾~加油＾０＾~加油＾０＾~,139427,
837,8980904,6845505282378216725,,开篇的文案写得太棒了！,139651,5
838,8980904,6845100438760046639,,伊能静姐姐加油💜,139000,6
839,8980904,6847465355130868084,,朱婧汐可惜了，一定要回来,139000,
840,8980904,6845195756969559376,,昕昕子加油💪,140000,5
841,8980904,6856673859516362035,,万茜好好看(｡･ω･｡)ﾉ♡,140539,
842,8980904,6845101800264684575,,奇趣蛋冲鸭！,140000,3
843,8980904,6845100597673837230,,大家还没看到这哈哈哈哈,140389,2
844,8980904,6846199666921772386,,乘风破浪的姐姐,140046,
845,8980904,6845982564914706708,,"看了好几遍了哈哈今日又来了7,5",140720,
846,8980904,6845106653577746544,,郑希怡加油各位路好投郑希怡一票吧,141293,20
847,8980904,6845106507548857910,,茜茜是追姐姐的唯一动力,141000,6
848,8980904,6845216858143938830,浪花崽,我来啦！,141876,5
849,8980904,6846160982151302887,,yumiko郁可唯给我🐛🐛🐛,141000,1
850,8980904,6845102405855075448,,梦真我来了,141000,3
851,8980904,6845101830329455741,,韩竞德女朋友 陈立农女朋友我已经来看了  你们来了吗,141682,1
852,8980904,6845203432076136008,,吴昕出道吧,142148,31
853,8980904,6845103148884420263,,李斯丹妮！！！！！！！！！！！！,142111,11
854,8980904,6845099944838805288,,茜茜子铁粉前来报到❤️❤️❤️,142000,7
855,8980904,6845861988002589707,,唯品会从不会迟到，哈哈哈哈,142392,5
856,8980904,6845105489641604971,,一如既往的鸡汤,142473,6
857,8980904,6846284552655570452,,张萌你可以的，加油,142000,1
858,8980904,6845418043002337584,,吴昕加油！,143329,11
859,8980904,6845102277006056092,,真的是百万文案,143000,8
860,8980904,6845574822193842331,,希望昕昕能出道！！！,143000,2
861,8980904,6845100524659392903,,绮绮子c位出道,143764,6
862,8980904,6845273457223131504,,我来看琦琦子,143000,3
863,8980904,6845174801824073240,浪花崽, 好喜欢 ,143000,
864,8980904,6845102624898408326,,越来越觉得沈梦辰好漂亮好棒,144132,12
865,8980904,6845101117364882073,,承包琦琦子的盛世美颜,144000,11
866,8980904,6854777322214425999,,大家都觉得文案好棒我也觉得很棒,144229,
867,8980904,6845103303503243485,听姐姐的,欣姐冲冲冲,144606,5
868,8980904,6845272709898819906,,会员最后一天,144109,1
869,8980904,6853418458984898854,,cool！q音打投走起来～,144315,
870,8980904,6845107482506437996,,宁静,145719,13
871,8980904,6845494510600211581,,含韵越来越酷了,145000,10
872,8980904,6845973274900427575,,张含韵真的好漂亮啊,145000,9
873,8980904,6847745193725526242,,张含韵姐姐，我是小学一年级下册的小学生，我很喜欢❤️你,145000,2
874,8980904,6846224663631483875,,萌萌子C位出道 加油(ง •̀_•́)ง,145806,
875,8980904,6845105841828924549,,郑希怡冲啊,145000,9
876,8980904,6845101065825274327,,张含韵加油,146178,14
877,8980904,6845480272783588721,,你们打着字还怎么看节目？,146000,9
878,8980904,6845101658530763339,,茜茜子,146097,10
879,8980904,6848476673902219119,,静静子我来了,146839,
880,8980904,6845100760882595112,,朵朵子我来啦,146048,3
881,8980904,6845750632385365226,,素素，小月，玉簌，我来了！,146000,
882,8980904,6845435111202390680,,张含韵冲啊！！！,147000,10
883,8980904,6845104437374613652,,昕姐我来啦~~,147190,24
884,8980904,6845935419058611798,,金晨 金晨 金晨加油鸭,147000,5
885,8980904,6845102427329911988,,郑希怡爱你！冲啊,147299,10
886,8980904,6845256981728535256,气场强大,说这个节目就是为了捧红茜茜子和琪琪子,147000,3
887,8980904,6845102895481348898,,伊能靜棒棒的😍,147256,6
888,8980904,6845353313550194847,,我喜欢蓝盈莹！！！！！！,148607,10
889,8980904,6845108560543233715,,韵韵子我爱啦,148853,19
890,8980904,6851756100480427703,,兰花草和大碗宽面真的可以成团出道啊,148000,1
891,8980904,6845204776400903137,,伊能静姐姐支持你！,148000,5
892,8980904,6850755652272138244,,又回来看张含韵韵了,148048,4
893,8980904,6845907450231529423,,孟佳孟佳孟佳，冲啊！！,148761,1
894,8980904,6845100752292660483,,李四蛋我来了！,149062,14
895,8980904,6845102895481348907,,小凡凡，你来了吗,149700,8
896,8980904,6847358006718091971,,吴昕加油(ง •̀_•́)ง呀,149695,6
897,8980904,6845198475683864221,听姐姐的,张含韵不出道怎么行,149794,7
898,8980904,6847866874444477896,演技派,坤儿加油！！！！！！！！！！！,149000,
899,8980904,6845101022875601176,,李斯丹妮我来看你啦，高位出道啊,149394,3
900,8980904,6845621590092815872,,蓝盈莹冲鸭,150396,9
901,8980904,6845100992810829986,,爱茜茜子,150929,13
902,8980904,6845101289163574578,,来啦来啦，万茜姐姐冲鸭,150000,4
903,8980904,6845430159105092140,,张含韵，冲呀,150000,3
904,8980904,6850023841383329345,,孟佳冲呀！！！！,150027,2
905,8980904,6863726522251117180,,太喜欢万茜的气质了,150000,
906,8980904,6845519829432481242,,白冰小姐姐冲呀,151720,12
907,8980904,6845100035033118995,,爱霏霏,151351,15
908,8980904,6845146012658210756,演技派,小雨最棒！,151213,6
909,8980904,6847806014757636777,,昕昕你是最棒的,151000,1
910,8980904,6845292509698111550,气场强大,静静子我来了,151386,2
911,8980904,6845931351724575517,浪花崽,莎莎子，我来了。,151796,1
912,8980904,6845151312647869820,跟班小弟,张含韵加油！！！冲冲冲！！！,152726,10
913,8980904,6845419155398868237,,昕昕加油,152619,9
914,8980904,6845856614998484800,,喜欢张雨绮！,152140,8
915,8980904,6845100245486517493,,A帅飒帅，希希子最帅,152000,7
916,8980904,6845529089381990885,,郑希怡、郑希怡！！！,152000,6
917,8980904,6846224758120764679,,张萌给我冲冲冲冲,152731,
918,8980904,6845566812079821358,,吴昕加油,153199,13
919,8980904,6845196130631714961,,你不投我不投昕昕子何时出头，大家毎天记得投昕昕子,153000,4
920,8980904,6845102199696644492,,好激动啊！！！！哈哈哈哈,153220,1
921,8980904,6845697391970749615,,为黄龄小姐姐来的 加油哦！！,153000,
922,8980904,6845459802969414042,,万茜和湖南卫视的主持人王燕长得超级像,153000,
923,8980904,6845101263393770689,,来了,153419,1
924,8980904,6845105030080102709,,吴昕我来了,154729,13
925,8980904,6845134618109935697,拎包妹,琦琦子，含韵，宁静，金晨冲啊！！！！！！我宣你,154000,8
926,8980904,6845198604532883397,气场强大,吴昕吴昕~,154576,9
927,8980904,6846295938613888189,,文案太有才了,154185,6
928,8980904,6846663562044999147,,张含韵好可爱，唱得也好听，粉了！,154630,
929,8980904,6845608739550640981,,琳琳子冲冲冲,154000,2
930,8980904,6845213104342511754,,这文案真是赞啊，我有这文采，做梦都会笑,155277,13
931,8980904,6845103312093178113,,黄龄蓝莹盈冲！,155000,11
932,8980904,6853418540589277668,,莎莎子三公加油呀！！！q音投票姐妹们冲冲冲榜一啊！,155010,
933,8980904,6845359665806827388,,万茜冲冲冲,155771,9
934,8980904,6845454533044532684,,白冰冲冲冲😍😍😍,155000,1
935,8980904,6846718241273715248,,伊能静小姐姐，，，,155801,
936,8980904,6845419249888148839,,只为昕昕子来,156990,22
937,8980904,6845109909162970491,气场强大,都是会员，嚣张点,156087,4
938,8980904,6849125063640915699,,李斯丹妮孟佳一定要高位出道啊！！！！！,156770,
939,8980904,6845100077982792184,,来了,156000,2
940,8980904,6845204132155807054,,来了来了,156483,1
941,8980904,6845975525463294947,浪花崽,爱你哦！我大憨~绮绮子 ,156869,
942,8980904,6845215479459432949,跟班小弟,吴昕吴昕吴昕吴昕我爱你啊啊啊啊啊啊啊啊啊,157156,7
943,8980904,6845100683573183489,,和平精英呢？,157701,13
944,8980904,6845339084323537826,,白冰仙女🌹🌹🌹,157017,6
945,8980904,6845436489886894589,,忍不住充会员看伊物降依物,157000,2
946,8980904,6846669063898111553,,"姐姐们
姐姐们👍👍👍👍",157799,
947,8980904,6845202869435418843,太后驾到,张含韵冲冲,157418,6
948,8980904,6845472000676557441,,静静子我来了,158158,5
949,8980904,6845101542566645981,,王霏霏,158544,12
950,8980904,6845585452237919081,,蓝莹莹棒,158000,4
951,8980904,6856415109211330948,气场强大,每一位姐姐们都很棒加油！,158958,
952,8980904,6845101564041482545,,郁可唯我爱你啊啊啊啊,158803,4
953,8980904,6849560659224551547,,赞助商品不是一般的多,158065,
954,8980904,6845528702834933435,,白冰白冰,159941,9
955,8980904,6846224839725143560,,张萌我来了 pick萌萌,159140,3
956,8980904,6845275909649464069,,冰冰子我支持你,159369,5
957,8980904,6851544929823228466,,佳佳子我来啦,159000,1
958,8980904,6849232051276402152,,看乘风破浪就上gua——gua——龙~,159819,1
959,8980904,6867382041939500810,,冰冰子来了！！！！！！,159808,
960,8980904,6845110119616368871,,昕昕子加油冲呀,160000,10
961,8980904,6845112743841398482,,高晗高晗！收到请回复,160447,5
962,8980904,6845104622058208072,,琦琦子 我来了,160000,9
963,8980904,6845250874285021963,听姐姐的,冲鸭冲鸭冲鸭！！！！！！！！,160419,1
964,8980904,6848512738742686004,,前面发的名字的所有姐姐里面所有我都喜欢,160000,
965,8980904,6845102775222264226,,0JJ你在看吗,160819,4
966,8980904,6845101813149586501,,吴昕我来了,161876,22
967,8980904,6845542335061157541,,吴昕吴昕,161379,10
968,8980904,6845817908753133851,,昕昕子，加油冲哇,161000,3
969,8980904,6846289096730976379,,支持萌姐 c位 出道奥,161000,1
970,8980904,6861456224006780289,,文案太有哲理了，小笔记记起来,161905,
971,8980904,6850252170434922570,,回看我这是，姐姐们好棒,161907,
972,8980904,6845103552611347557,,昕昕子冲呀,162459,14
973,8980904,6845101963473442356,,郑希怡冲冲冲！,162195,13
974,8980904,6845428935039411317,最强舞担,沈梦辰比吴昕强多啦！控场一流,162000,5
975,8980904,6845243813358766471,听姐姐的,绮绮子！,162142,11
976,8980904,6845579009786963394,太后驾到,张含韵加油,162000,2
977,8980904,6845100881141679855,,来看昕昕,163947,19
978,8980904,6845370785477159215,,赞助商是不是越来越多了,163401,9
979,8980904,6849212393211060247,,除了黄圣依，我好像都喜欢,163412,6
980,8980904,6845100211126778977,,这就是VIP的孤独吗,163456,8
981,8980904,6845855150414632071,太后驾到,超爱宁静，小时候就喜欢她,163000,2
982,8980904,6845474861124783007,听姐姐的,支持吴昕,163000,4
983,8980904,6845203840098030171,,金晨含韵冲冲冲,164493,8
984,8980904,6845419344377429441,,昕昕在必看,164824,7
985,8980904,6856270824079698029,,被茜茜子圈粉啦。  好喜欢,164138,1
986,8980904,6851931678743737504,,赞助商多的像蛆,164008,3
987,8980904,6845106842556308335,,奥利奥哪去了,164409,5
988,8980904,6845320766288006764,气场强大,宽面组合  七人出道吧,164605,1
989,8980904,6845102281301023396,,我一个会员你让我看那么多赞助,165000,29
990,8980904,6852663721560460880,,blue winwin！q音打榜必win！！！三公冲呀,165000,1
991,8980904,6845101237623966817,,张含韵好美，回忆,165319,21
992,8980904,6845115002994206340,,佳霏猫加油，加油,165000,7
993,8980904,6857168970461967267,,这集就叫，谁才是真姐妹,165461,
994,8980904,6851572877175474602,,厉害(ง •̀_•́)ง,165713,
995,8980904,6845107353657418533,,茜茜跳舞啦,166945,14
996,8980904,6845330438554365829,,我爱宁静，我爱魔丸！,166226,3
997,8980904,6847861321051740439,,吴昕爱你(ɔˆ ³(ˆ⌣ˆc),166192,2
998,8980904,6845117897802177911,拎包妹,准时,166000,3
999,8980904,6853418613603721855,,冰冰太美了，神仙颜值，姐最slay榜投票安排起！ ,166022,
1000,8980904,6845105270598272116,,长按屏幕开启广告新世界,166000,2
1001,8980904,6846020132993718042,,李四蛋我来了,167626,7
1002,8980904,6845474904074456068,听姐姐的,吴昕我来了,167000,2
1003,8980904,6845599445241394764,,来了哈哈哈,167853,1
1004,8980904,6845455993333415876,,金晨冲鸭 爱你爱你,167000,1
1005,8980904,6847473970835279763,,蓝盈莹，自信的女人最美！,167000,
1006,8980904,6845100348565733041,,承包空屏,167000,1
1007,8980904,6845101319228345780,,万万冲,168584,11
1008,8980904,6847457190398023396,,瓜瓜龙。。。一看就不聪明,168222,3
1009,8980904,6845100842486974051,,有1在看吗,168000,9
1010,8980904,6845100108047563395,,霏我也爱你,168416,6
1011,8980904,6845197968877722063,,韵韵子我来啦,168968,3
1012,8980904,6845662714404764821,,李斯丹妮冲冲冲,168000,
1013,8980904,6845549176944072793,,百万文案，超级棒,169912,8
1014,8980904,6845436665980553950,,为万崽崽充的会员！冲鸭,169287,3
1015,8980904,6845246961569803616,,吴昕加油加油加油,169019,3
1016,8980904,6845845113076032665,,昕昕，梦晨，金晨～加油,169540,1
1017,8980904,6845100975630960738,,空降成功,169475,2
1018,8980904,6846020158763521860,,旁白是明明子,169186,
1019,8980904,6845215634078256039,跟班小弟,吴昕吴昕吴昕吴昕吴昕吴昕吴昕吴昕加油昕昕子！！！！,170363,15
1020,8980904,6845104420194744403,,以后能200分钟吗,170571,14
1021,8980904,6845880817139270224,,沈梦辰二公淘汰啦？？？给我投回来！！！,170816,1
1022,8980904,6845102457394683183,,偷窥我郑阿哥！,170000,9
1023,8980904,6845100245486517499,,像素感人，咋回事啊,170034,6
1024,8980904,6845339204582622168,,超凡脱俗冰🌹🌹🌹🌹🌷🌷🌷🌷,170184,1
1025,8980904,6845110450328852125,,茜茜的舞姿真好看!,171879,18
1026,8980904,6845113031604208599,,郑希怡给我使劲冲冲,171000,7
1027,8980904,6845101903343900038,,晨晨子加油,171555,8
1028,8980904,6845598581952966659,,晨晨子 冲啊,171000,4
1029,8980904,6846074580294185251,,想给大家安利白冰小姐姐，冰冰子冲啊！！！,171000,
1030,8980904,6845100443055013952,气场强大,7654321，滑雪打碟玩漂移,171000,4
1031,8980904,6845102723682656500,,白冰，我来了,172294,9
1032,8980904,6845606523347512035,,来看蓝盈莹和万茜,172000,2
1033,8980904,6845100120932465349,,第一吗第一,172664,3
1034,8980904,6845120139775117286,浪花崽,昕姐,172000,2
1035,8980904,6845456693413086406,,白冰我爱你💕💕💕💓💓,172000,1
1036,8980904,6845104660712913870,,黄圣依冲啊,172000,2
1037,8980904,6845102169631873300,,茜言万雨！！,173872,25
1038,8980904,6845695983221475676,,夹缝里看希希子 哈哈哈哈,173000,3
1039,8980904,6845102762337362296,,郑希怡我来了,173000,7
1040,8980904,6845203943177245537,,吴昕你是最棒的 加油！,173882,3
1041,8980904,6845101731545207623,,梦辰我来啦,173718,4
1042,8980904,6845465596880307068,,哈哈哈瓜瓜龙读的好慢,173160,
1043,8980904,6845139630336788055,,李斯丹妮，我来了，爱了爱了,174983,12
1044,8980904,6845104317115528912,,茜茜子冲冲冲！！！,174522,10
1045,8980904,6845166259134100439,,张含韵冲鸭,174000,9
1046,8980904,6845493874945050086,,刚开始就喜欢万茜,174000,7
1047,8980904,6845100610558739164,,郁可唯！！！啊啊啊啊,174687,4
1048,8980904,6845140399135936627,,毕竟是一笔巨款,174702,
1049,8980904,6845103960633242078,,金晨金晨,175120,23
1050,8980904,6845101486732070939,,有0吗？,175000,19
1051,8980904,6845100614853706486,,昕昕子加油,175000,10
1052,8980904,6845321260209246298,,白冰太美了，为了白冰看这个节目❤️❤️❤️,175000,2
1053,8980904,6845100404400308121,,琦琦子加油,175000,9
1054,8980904,6845155873903151245,最强舞担,佳佳子 冲啊,175000,2
1055,8980904,6845198110611643156,,张含韵，金晨,176312,16
1056,8980904,6848758608440811285,,万茜，我pick你,176546,6
1057,8980904,6845171460339508889,,我竟然开了会员,176831,8
1058,8980904,6852663811754774259,,二公舞台昕昕子奥力给！三公继续冲！你的rap我q音循环999+了!!!  ,176000,
1059,8980904,6845764101402808394,,含韵爱爱爱,176000,1
1060,8980904,6845653166692446633,,冒冒:李发艳我爱你,176273,1
1061,8980904,6845112129661072303,,张含韵加油,177850,16
1062,8980904,6845373431177014130,,郑希怡郑希怡,177332,5
1063,8980904,6845154413614266546,气场强大,金晨美哭,177003,8
1064,8980904,6845254705395861486,,白冰小姐姐我来了,177129,2
1065,8980904,6846688687603710179,,为什么阿朵和袁咏琳不选静姐？,177929,
1066,8980904,6845104089482261405,,宁静 爱你爱你,177000,4
1067,8980904,6845101546861613295,,姐姐们，我来啦！,178806,2
1068,8980904,6845100279846256029,,抱抱万茜茜,178930,31
1069,8980904,6845209749973044621,,佳霏猫,178838,5
1070,8980904,6845456500139557745,,张含韵加油,178000,3
1071,8980904,6845815353247589388,,袁咏琳冲冲冲,178939,
1072,8980904,6845645856658093589,,最让我惊艳的是含韵，白冰,178000,
1073,8980904,6845106176836374859,,万茜和雨绮坐在一起！,179211,18
1074,8980904,6845110733796694899,气场强大,郁可唯加油,179878,5
1075,8980904,6845528140194216502,,丁当 万茜 一看就是哭过,179000,2
1076,8980904,6845100756587627806,,小雨小雨,179502,6
1077,8980904,6845100919796385696,,蓝宝宝贝加油,179525,3
1078,8980904,6845261882286234733,,姐姐们飒爽英姿,179000,1
